customer_id,transaction_count,monetary,avg_order_value,recency,product_count,total_quantity,cluster
1,2,58539.27,29269.635,227,8,43,2
2,1,27436.17,27436.17,726,4,31,1
3,7,188288.84,26898.405714285716,437,30,176,3
4,11,212430.29,19311.844545454547,9,37,212,3
5,1,22449.39,22449.39,170,6,30,1
6,3,85793.33,28597.77666666667,252,14,83,2
7,11,274767.27,24978.842727272728,84,43,269,3
8,2,58345.65,29172.825,834,9,48,1
9,10,232199.11,23219.911,49,34,204,3
10,8,132013.15,16501.64375,415,26,142,3
11,7,65574.29,9367.755714285711,114,15,85,2
12,11,267442.44,24312.949090909093,2,38,257,3
13,8,154768.06,19346.0075,2,26,156,3
14,4,70944.26,17736.065,222,12,61,2
15,4,37100.380000000005,9275.095,486,11,63,2
16,9,111620.0,12402.222222222224,257,21,131,3
17,12,240304.44,20025.37,46,43,247,3
18,12,169904.8,14158.733333333332,30,31,184,3
19,8,152276.72,19034.59,9,26,150,3
20,3,47106.92,15702.306666666664,456,8,35,1
21,9,186564.0,20729.33333333333,1,29,154,3
22,1,26956.48,26956.48,238,3,21,1
23,9,94812.4,10534.71111111111,122,25,138,3
24,6,61310.73,10218.455,71,17,91,2
25,3,77652.84,25884.28,22,15,85,2
26,4,75864.36,18966.09,31,13,84,2
27,11,205970.92,18724.62909090909,7,32,202,3
28,9,208035.97,23115.10777777778,166,34,181,3
29,6,105185.11,17530.851666666666,45,17,100,2
30,6,111821.24,18636.873333333333,140,18,107,2
31,8,204765.07,25595.63375,62,35,207,3
32,3,91826.8,30608.93333333333,370,15,80,2
33,12,264140.41000000003,22011.700833333336,16,45,260,3
34,8,178037.32,22254.665,76,28,155,3
35,5,92362.24,18472.448,252,17,96,2
36,10,185091.89,18509.189,80,28,159,3
37,12,190923.71,15910.309166666666,13,36,217,3
38,6,88530.4,14755.066666666666,448,16,103,2
39,6,120959.99,20159.998333333333,157,21,127,3
40,5,84227.5,16845.5,519,15,88,2
41,1,12029.97,12029.97,339,3,9,0
42,8,141504.6,17688.075,150,23,144,3
43,11,301528.44,27411.676363636365,132,42,261,3
44,7,112986.41,16140.915714285717,128,21,114,3
45,10,284780.88,28478.088,57,42,257,3
46,7,150003.37,21429.05285714285,171,26,139,3
47,5,114121.65,22824.33,140,21,131,3
48,1,34516.8,34516.8,168,6,34,1
49,10,141154.56,14115.456,119,26,142,3
50,3,41067.49,13689.163333333332,102,8,48,2
51,1,5365.98,5365.98,668,4,12,0
52,11,263970.31,23997.300909090907,47,48,276,3
53,7,115859.82,16551.402857142857,243,22,124,3
54,5,87977.92000000001,17595.584000000003,345,18,111,2
55,6,150030.22,25005.036666666667,87,28,139,3
56,4,105779.57,26444.8925,232,19,118,2
57,11,126413.37,11492.124545454544,47,25,134,3
58,2,17393.57,8696.785,199,3,14,0
59,2,28791.25,14395.625,280,6,23,1
60,1,17154.28,17154.28,596,4,22,1
61,5,111383.2,22276.64,16,19,104,2
62,2,52044.47,26022.235,465,10,44,1
63,1,7296.82,7296.82,241,2,12,0
64,9,168154.77,18683.86333333333,288,33,155,3
65,3,44389.96,14796.653333333334,385,11,45,2
66,4,47096.81,11774.2025,172,10,51,2
67,12,230390.43,19199.2025,26,37,228,3
68,9,252074.09,28008.23222222222,207,32,227,3
69,12,190587.93,15882.3275,118,30,148,3
70,7,101311.38,14473.054285714286,343,20,92,2
71,7,134222.04,19174.577142857142,118,23,155,3
72,9,245191.2,27243.466666666664,119,28,177,3
73,4,55936.1,13984.025,68,11,50,2
74,8,138744.58,17343.0725,369,27,147,3
75,8,176917.41999999998,22114.6775,72,30,162,3
76,11,157923.86000000002,14356.714545454546,5,34,201,3
77,1,16354.65,16354.65,610,4,23,1
78,12,270079.86,22506.655,69,38,251,3
79,3,20853.3,6951.099999999999,205,7,24,0
80,1,2153.0,2153.0,966,1,5,0
81,8,186344.98,23293.1225,165,32,173,3
82,10,229554.46,22955.446000000004,97,35,221,3
83,10,226961.18,22696.118,105,33,219,3
84,3,46505.42,15501.806666666664,222,11,56,2
85,3,33685.29,11228.43,774,8,54,1
86,11,221686.62,20153.32909090909,1,38,210,3
87,9,186473.21,20719.24555555556,27,31,198,3
88,2,29761.09,14880.545,367,7,43,1
89,9,188687.59,20965.287777777776,4,34,202,3
90,7,117235.43,16747.91857142857,34,26,139,3
91,10,151962.87,15196.287,60,28,155,3
92,2,38738.69,19369.345,874,8,35,1
93,3,83983.69,27994.56333333333,560,13,84,1
94,6,92874.22,15479.036666666669,91,14,95,2
95,5,95720.59,19144.118,143,19,99,2
96,4,34763.64,8690.91,363,9,34,2
97,8,102749.82,12843.7275,20,26,152,3
98,5,98242.86,19648.572,26,18,104,2
99,10,228431.26,22843.126,24,36,221,3
100,1,26639.9,26639.9,669,6,28,1
101,6,135278.1,22546.35,125,25,150,3
102,10,147426.27,14742.627,28,28,170,3
103,10,149294.49,14929.449,49,25,135,3
104,3,59245.89,19748.63,103,10,46,2
105,4,46612.84,11653.21,174,12,56,2
106,9,95352.99,10594.776666666665,79,24,137,3
107,8,143565.88,17945.735,39,28,157,3
108,9,140351.06,15594.562222222225,76,32,207,3
109,7,167535.58000000002,23933.65428571429,252,22,133,3
110,7,197034.87,28147.83857142857,3,29,182,3
111,3,81317.62,27105.873333333333,376,10,61,2
112,7,118462.83,16923.26142857143,122,20,117,3
113,8,180734.47,22591.80875,180,29,161,3
114,9,178036.52,19781.835555555557,47,35,176,3
115,2,72542.06,36271.03,376,9,54,1
116,11,123150.73,11195.520909090908,58,23,121,3
117,2,45210.89,22605.445,761,11,42,1
118,2,14822.31,7411.155,335,3,27,0
119,3,19121.57,6373.856666666667,360,7,38,0
120,12,225555.93,18796.3275,7,43,214,3
121,2,25739.4,12869.7,163,5,27,1
122,5,123628.04,24725.608,14,21,103,3
123,11,235751.71,21431.97363636364,129,36,213,3
124,12,220072.23,18339.3525,15,37,215,3
125,9,110377.37,12264.15222222222,86,22,108,3
126,6,146486.88,24414.48,74,21,122,3
127,11,172748.55,15704.413636363635,42,31,186,3
128,2,47181.4,23590.7,66,8,43,2
129,6,63702.03,10617.005,115,13,72,2
130,11,203658.26,18514.387272727272,158,33,220,3
131,4,100163.42,25040.855,443,17,92,2
132,11,182565.37,16596.851818181818,30,32,196,3
133,2,56268.42,28134.21,694,10,52,1
134,4,91040.64,22760.16,24,16,97,2
135,11,213877.59,19443.41727272727,114,39,236,3
136,12,309786.3,25815.525,157,52,290,3
137,10,250540.47,25054.047,117,40,240,3
138,10,184980.64,18498.064,70,33,197,3
139,6,149779.32,24963.22,576,22,138,3
140,2,54861.73,27430.865,1,10,53,2
141,2,42851.97,21425.985,95,8,43,2
142,3,78815.77,26271.923333333336,636,13,69,1
143,5,102613.95,20522.79,54,19,107,2
144,4,84772.47,21193.1175,686,14,77,1
145,10,219233.06,21923.306,53,35,217,3
146,2,81627.56,40813.78,201,11,58,2
147,1,2790.54,2790.54,972,1,6,0
148,5,62446.16,12489.232,241,14,79,2
149,5,99701.08,19940.216,92,22,108,2
150,11,180632.98,16421.18,81,34,208,3
151,2,20162.12,10081.06,255,6,38,1
152,10,197995.69,19799.569,28,32,178,3
153,4,88859.14,22214.785,60,16,76,2
154,1,2399.25,2399.25,660,1,5,0
155,8,186414.48,23301.81,49,29,131,3
156,6,81684.51999999999,13614.086666666664,27,17,88,2
157,11,220747.1,20067.918181818182,54,33,214,3
158,8,196708.94,24588.6175,6,32,204,3
159,11,214984.77,19544.070000000003,106,41,216,3
160,9,234412.62,26045.846666666665,49,28,199,3
161,8,175121.15,21890.14375,157,26,151,3
162,12,199686.56,16640.546666666665,1,32,185,3
163,8,109874.72,13734.34,466,23,123,3
164,2,14817.05,7408.525,684,4,21,0
165,6,60236.28,10039.38,135,16,67,2
166,6,71683.41,11947.235,419,13,74,2
167,5,107161.25,21432.25,16,16,93,2
168,6,201742.09,33623.681666666664,480,28,147,3
169,1,17970.03,17970.03,824,3,15,1
170,10,161721.63999999998,16172.164,57,30,157,3
171,4,83824.71,20956.1775,562,15,89,2
172,5,86440.89,17288.178,61,16,88,2
173,2,6828.839999999999,3414.42,127,3,15,0
174,1,32103.38,32103.38,208,5,33,1
175,3,54193.86,18064.62,174,9,38,2
176,11,237700.79,21609.162727272727,125,42,224,3
177,2,44789.94,22394.97,306,6,39,1
178,3,41203.77,13734.589999999998,95,10,51,2
179,5,97071.09,19414.218,248,17,97,2
180,5,94913.52,18982.704,108,15,81,2
181,5,60282.490000000005,12056.498,101,12,55,2
182,11,189912.4,17264.763636363637,23,34,187,3
183,10,216194.52,21619.452,39,31,179,3
184,7,162256.31,23179.472857142857,112,24,159,3
185,9,142850.87,15872.318888888887,14,25,160,3
186,10,185989.38,18598.938,11,30,156,3
187,12,226404.22,18867.018333333333,7,39,223,3
188,7,106363.62,15194.802857142857,168,24,126,3
189,3,39394.0,13131.333333333334,270,9,39,2
190,11,218552.81,19868.43727272727,45,38,214,3
191,5,72374.34,14474.868,98,17,82,2
192,6,74431.29,12405.214999999998,345,20,108,2
193,4,82731.67000000001,20682.917500000003,4,13,76,2
194,7,158154.47,22593.495714285717,36,26,150,3
195,6,120409.5,20068.25,64,23,141,3
196,9,157926.16,17547.35111111111,221,30,144,3
197,6,69981.34,11663.556666666664,113,20,113,2
198,6,152556.32,25426.053333333333,170,22,145,3
199,8,201024.95,25128.11875,48,32,194,3
200,8,109053.53,13631.69125,247,22,118,3
201,9,181068.37,20118.707777777778,94,31,164,3
202,7,137378.08,19625.44,64,22,137,3
203,3,74887.1,24962.36666666667,126,9,60,2
204,2,53987.1,26993.55,407,9,50,1
205,6,169332.81,28222.135,471,25,147,3
206,6,141367.72,23561.286666666667,133,20,126,3
207,11,215988.53,19635.320909090908,161,37,213,3
208,4,75016.19,18754.0475,56,15,77,2
209,3,64560.27,21520.09,306,12,63,2
210,9,224565.37,24951.707777777778,64,28,201,3
211,9,206695.44,22966.16,2,31,174,3
212,11,191951.46,17450.132727272725,48,35,244,3
213,2,26244.38,13122.19,46,7,27,2
214,3,27598.85,9199.616666666669,488,8,31,1
215,10,231830.48,23183.048,7,44,255,3
216,5,55476.14,11095.228,235,13,59,2
217,4,106269.95,26567.487500000003,125,16,109,2
218,5,61204.25,12240.85,6,13,71,2
219,4,58190.76,14547.69,41,13,71,2
220,4,63882.31,15970.5775,10,9,59,2
221,3,39999.95,13333.316666666668,252,7,54,2
222,11,147140.08,13376.370909090909,25,27,135,3
223,4,68486.65,17121.6625,115,10,78,2
224,1,14290.92,14290.92,365,1,9,0
225,11,250613.4,22783.03636363636,141,42,263,3
226,10,239829.75,23982.975,63,34,202,3
227,2,42400.62,21200.31,158,9,46,2
228,1,43427.36,43427.36,2,5,45,2
229,11,255621.61,23238.328181818182,7,38,224,3
230,2,56049.45,28024.725,121,10,53,2
231,3,65734.97,21911.656666666662,49,9,67,2
232,7,164476.06,23496.58,110,22,155,3
233,4,83949.92,20987.48,278,16,89,2
234,9,164189.87,18243.318888888887,20,32,194,3
235,7,99432.03,14204.575714285716,99,22,98,2
236,8,133501.8,16687.725,28,21,123,3
237,6,69213.05,11535.508333333331,112,18,69,2
238,3,71070.79999999999,23690.266666666663,287,11,56,2
239,5,60775.36,12155.072,279,9,50,2
240,10,150037.88,15003.788,8,27,157,3
241,11,192122.24,17465.65818181818,6,36,201,3
242,5,106219.56,21243.912,47,12,82,2
243,4,142348.18,35587.045,3,18,125,3
244,1,38780.77,38780.77,630,5,33,1
245,11,187072.44,17006.585454545453,61,38,194,3
246,8,204839.7,25604.9625,41,27,186,3
247,6,112406.29,18734.381666666668,67,25,107,3
248,9,138272.16,15363.573333333334,66,28,153,3
249,3,26547.82,8849.273333333333,266,7,48,2
250,8,160043.03,20005.37875,10,30,148,3
251,2,29276.75,14638.375,388,7,35,1
252,4,103504.2,25876.05,546,15,96,2
253,8,136640.02,17080.0025,163,26,146,3
254,9,165781.74,18420.193333333333,5,29,164,3
255,6,104132.41,17355.40166666667,173,26,123,3
256,1,9868.32,9868.32,497,1,9,0
257,2,52137.98,26068.99,53,9,45,2
258,2,37431.35,18715.675,316,7,43,1
259,4,37009.53,9252.3825,92,15,59,2
260,2,59138.69,29569.345,24,10,47,2
261,10,193629.74,19362.974,267,30,182,3
262,12,223189.82,18599.15166666667,105,36,209,3
263,8,141892.09,17736.51125,27,26,142,3
264,6,63178.91,10529.818333333333,308,15,68,2
265,10,182455.54,18245.554,23,29,176,3
266,2,67036.81999999999,33518.41,744,11,61,1
267,2,18469.25,9234.625,41,4,19,0
268,4,63406.36,15851.59,3,8,58,2
269,3,65411.53,21803.84333333333,306,10,55,2
270,12,190609.72,15884.143333333332,27,39,203,3
271,3,73699.26000000001,24566.42,8,11,67,2
272,7,116702.15,16671.735714285714,233,23,129,3
273,9,212070.99,23563.443333333336,155,33,184,3
274,12,322298.07,26858.1725,3,41,268,3
275,12,235660.65,19638.3875,8,42,229,3
276,4,82201.03,20550.2575,161,13,80,2
277,5,98482.84,19696.568,198,14,84,2
278,9,213702.68,23744.742222222223,60,33,216,3
279,4,124710.91,31177.7275,262,19,112,2
280,5,78283.17,15656.634,221,12,70,2
281,3,78794.71,26264.903333333332,423,14,95,2
282,1,8701.13,8701.13,410,4,24,0
283,12,270305.19,22525.4325,89,40,270,3
284,8,201704.12,25213.015,8,31,205,3
285,12,273220.99,22768.415833333333,21,44,263,3
286,12,218099.16,18174.93,10,35,227,3
287,4,76039.23999999999,19009.81,121,11,74,2
288,7,133510.65,19072.95,212,26,168,3
289,2,33005.14,16502.57,770,7,34,1
290,5,74299.17,14859.834,8,15,78,2
291,9,108262.49,12029.165555555555,4,27,129,3
292,11,315521.5,28683.772727272728,134,49,283,3
293,1,25221.59,25221.59,142,5,30,1
294,7,127740.77,18248.681428571428,161,24,159,3
295,8,125202.92,15650.365,54,22,126,3
296,6,97745.87,16290.978333333333,36,18,95,2
297,6,83833.65,13972.275,42,10,66,2
298,2,14516.26,7258.13,133,4,22,0
299,7,145167.85,20738.26428571429,100,23,129,3
300,1,9787.68,9787.68,677,1,8,0
301,6,56182.34,9363.723333333332,319,13,86,2
302,5,85297.1,17059.420000000002,79,15,107,2
303,5,42090.52,8418.104000000001,40,14,61,2
304,11,158856.89,14441.535454545456,56,25,143,3
305,3,76754.86000000002,25584.95333333334,104,10,67,2
306,8,145540.14,18192.5175,98,26,149,3
307,8,134797.16999999998,16849.646249999998,249,30,150,3
308,1,13456.04,13456.04,585,3,11,1
309,7,135983.72999999998,19426.24714285714,96,24,123,3
310,10,179487.52,17948.752,22,31,194,3
311,8,164347.02000000002,20543.3775,59,26,158,3
312,12,244111.16,20342.596666666668,58,32,217,3
313,6,83347.04000000001,13891.173333333334,113,18,93,2
314,6,120208.56,20034.76,181,21,102,2
315,7,102106.57,14586.65285714286,6,20,108,3
316,6,118339.86,19723.31,107,19,105,2
317,10,187790.56,18779.056,78,36,223,3
318,8,143285.18,17910.6475,56,23,138,3
319,5,108179.77,21635.954,318,18,116,2
320,7,156845.43,22406.49,44,22,138,3
321,9,131567.25,14618.583333333334,51,25,124,3
322,11,230296.27,20936.024545454547,36,38,224,3
323,2,43033.25,21516.625,593,5,36,1
324,6,114696.72,19116.12,165,23,113,3
325,9,196025.39,21780.59888888889,17,33,180,3
326,10,173670.62,17367.061999999998,6,29,153,3
327,3,86899.84,28966.61333333333,503,11,61,1
328,1,25263.77,25263.77,912,6,31,1
329,10,269576.27,26957.627,306,37,237,3
330,10,243974.45,24397.445,7,35,214,3
331,5,51923.6,10384.72,278,14,71,2
332,3,38075.78,12691.926666666666,249,9,47,2
333,2,45568.87,22784.435,37,9,64,2
334,11,225756.98,20523.361818181816,52,38,213,3
335,2,23840.38,11920.19,170,6,18,1
336,8,164601.5,20575.1875,34,32,168,3
337,8,122270.54,15283.8175,256,23,130,3
338,12,291009.07,24250.755833333333,74,47,315,3
339,12,239563.01,19963.584166666667,52,44,264,3
340,1,39852.95,39852.95,167,5,36,1
341,9,146274.06,16252.673333333332,325,28,152,3
342,11,197328.25,17938.93181818182,145,33,206,3
343,2,8422.99,4211.495,108,3,11,0
344,4,105136.42,26284.105,393,17,97,2
345,4,53822.33,13455.5825,601,9,50,1
346,5,79395.43,15879.086,17,19,100,2
347,3,63005.73,21001.91,61,10,65,2
348,6,101182.51,16863.751666666667,216,20,112,2
349,8,125919.84,15739.98,95,23,112,3
350,5,174042.67,34808.534,389,24,155,3
351,5,135133.06,27026.612,136,22,125,3
352,8,178489.41,22311.17625,281,33,194,3
353,4,96998.96,24249.74,35,14,88,2
354,6,170783.9,28463.983333333334,492,24,156,3
355,6,155623.98,25937.33,533,26,185,3
356,8,157183.55,19647.94375,22,33,197,3
357,10,168986.83,16898.682999999997,81,30,163,3
358,2,42388.07,21194.035,725,6,36,1
359,12,222675.39,18556.2825,34,38,205,3
360,2,48869.08,24434.54,194,9,55,2
361,8,113045.69,14130.71125,5,22,135,3
362,8,161888.97,20236.12125,310,27,175,3
363,3,77608.34,25869.446666666667,97,12,70,2
364,9,156501.43,17389.047777777778,162,27,142,3
365,10,193763.01,19376.301,20,38,196,3
366,9,153276.75,17030.75,208,30,179,3
367,9,167329.85,18592.20555555556,30,30,175,3
368,1,30938.15,30938.15,362,6,38,1
369,10,227606.12,22760.612,7,32,207,3
370,11,235914.81,21446.800909090907,71,39,211,3
371,11,228581.02,20780.092727272728,82,35,222,3
372,1,16395.69,16395.69,393,3,19,1
373,1,16552.85,16552.85,765,5,28,1
374,2,63215.59,31607.795,264,8,53,2
375,1,14004.08,14004.08,567,3,23,1
376,3,88280.38,29426.79333333333,164,10,70,2
377,9,150105.93,16678.436666666665,54,21,114,3
378,11,202662.92,18423.90181818182,97,31,197,3
379,7,143750.0,20535.714285714286,6,21,118,3
380,4,106420.46,26605.115,293,18,104,2
381,11,183562.93,16687.53909090909,48,36,185,3
382,7,103223.88,14746.268571428573,47,23,126,3
383,6,97341.26,16223.543333333331,200,18,90,2
384,3,38931.73,12977.243333333332,46,9,47,2
385,6,127118.21,21186.36833333333,97,21,136,3
386,5,167498.0,33499.6,259,22,154,3
387,9,194484.52,21609.39111111111,9,28,164,3
388,11,224569.87,20415.442727272726,8,35,217,3
389,10,146673.71,14667.371,16,29,172,3
390,2,33847.5,16923.75,520,4,23,1
391,11,255994.55,23272.23181818182,86,36,202,3
392,10,176047.2,17604.72,7,30,184,3
393,7,201587.08,28798.15428571429,95,29,190,3
394,5,98748.03,19749.606,259,16,93,2
395,12,175027.31,14585.609166666669,89,28,146,3
396,9,175751.13999999998,19527.904444444444,95,30,167,3
397,12,211103.1,17591.925,12,43,250,3
398,9,195107.18,21678.575555555555,24,24,171,3
399,4,78690.37,19672.5925,319,16,80,2
400,2,74973.55,37486.775,73,11,61,2
401,2,53711.18,26855.59,492,8,43,1
402,12,208822.97,17401.914166666666,233,34,210,3
403,1,21639.56,21639.56,406,4,23,1
404,8,175471.93,21933.99125,80,31,202,3
405,11,346187.59,31471.59909090909,76,46,327,3
406,8,156720.98,19590.1225,66,30,183,3
407,7,110580.67,15797.238571428572,77,24,134,3
408,4,64954.24,16238.56,222,16,91,2
409,10,189872.34,18987.234,122,30,156,3
410,12,282103.69,23508.64083333333,8,38,279,3
411,3,21954.98,7318.326666666667,194,6,23,0
412,8,209381.62,26172.7025,71,31,226,3
413,2,40710.96,20355.48,52,6,33,2
414,8,158961.31,19870.16375,39,31,165,3
415,6,149386.39,24897.73166666667,66,25,149,3
416,9,230588.42,25620.935555555552,14,34,214,3
417,11,203541.97,18503.815454545456,10,40,192,3
418,9,190338.74,21148.748888888887,222,21,156,3
419,10,136964.28,13696.428,190,27,157,3
420,7,84962.13,12137.447142857143,12,22,90,2
421,8,207508.14,25938.5175,77,28,187,3
422,3,75435.04000000001,25145.013333333336,301,11,77,2
423,5,99321.98,19864.396,65,14,80,2
424,1,25427.58,25427.58,768,5,19,1
425,2,19179.18,9589.59,717,4,11,0
426,5,72196.85,14439.37,4,18,87,2
427,11,228810.74,20800.976363636364,222,37,241,3
428,12,313766.98,26147.248333333333,37,46,284,3
429,10,277699.55,27769.955,120,40,258,3
430,5,126024.9,25204.98,1,20,128,3
431,12,186860.72,15571.726666666667,44,35,190,3
432,7,140046.18,20006.597142857143,116,24,149,3
433,3,68131.48,22710.49333333333,506,9,56,1
434,3,90516.2,30172.066666666666,221,13,73,2
435,2,23393.73,11696.865,333,9,36,1
436,12,291914.61,24326.2175,43,43,285,3
437,8,156078.55,19509.81875,405,28,144,3
438,11,163977.35,14907.031818181818,12,34,184,3
439,9,155041.93,17226.88111111111,144,24,145,3
440,2,3093.32,1546.66,69,2,5,0
441,1,24317.97,24317.97,304,6,22,1
442,9,164123.02,18235.89111111111,75,24,146,3
443,5,117811.56,23562.312,37,21,129,3
444,8,154537.55,19317.19375,3,26,182,3
445,7,119330.87,17047.26714285714,233,24,135,3
446,12,190274.6,15856.216666666667,7,42,244,3
447,10,169010.89,16901.089,19,35,168,3
448,2,29767.04,14883.52,370,6,32,1
449,11,248685.22,22607.747272727276,57,38,221,3
450,12,217029.09,18085.7575,117,39,226,3
451,12,127123.4,10593.616666666669,35,31,169,3
452,6,121053.61000000002,20175.60166666667,245,21,120,3
453,12,280532.69,23377.724166666667,8,42,245,3
454,8,158566.86,19820.8575,104,28,135,3
455,4,80734.11,20183.5275,264,13,85,2
456,2,55007.74,27503.87,732,11,52,1
457,11,267092.17,24281.10636363636,4,39,235,3
458,3,56160.13,18720.04333333333,676,13,77,1
459,12,255294.78,21274.565,34,40,222,3
460,7,109362.95,15623.278571428573,40,18,110,3
461,3,29247.94,9749.313333333334,13,6,40,2
462,10,264177.7,26417.77,34,39,244,3
463,4,108118.49,27029.6225,79,16,86,2
464,6,84867.98999999999,14144.665,11,14,67,2
465,5,125338.51,25067.702,5,23,141,3
466,2,36257.0,18128.5,94,6,31,2
467,5,102611.29,20522.258,6,17,115,2
468,10,169714.91999999998,16971.492,66,41,233,3
469,11,181125.4,16465.945454545454,60,37,202,3
470,11,161356.0,14668.727272727272,21,34,173,3
471,11,206315.39,18755.944545454546,89,33,199,3
472,2,21771.11,10885.555,288,5,18,0
473,5,96977.2,19395.44,351,17,112,2
474,8,149000.38,18625.0475,1,23,141,3
475,12,230578.02,19214.835000000003,22,37,226,3
476,10,240896.6,24089.66,77,34,215,3
477,6,89031.05,14838.508333333331,480,18,113,2
478,2,23372.21,11686.105,630,4,26,1
479,3,84833.03,28277.676666666663,87,14,69,2
480,7,71035.02,10147.86,2,16,83,2
481,11,183835.63,16712.33,12,38,222,3
482,8,153220.13,19152.51625,334,26,151,3
483,5,64770.76,12954.151999999998,3,15,67,2
484,5,102091.97,20418.394,17,15,99,2
485,4,88415.9,22103.975,60,12,72,2
486,3,45846.06,15282.02,657,11,56,1
487,1,45815.04,45815.04,881,5,39,1
488,8,191489.1,23936.1375,107,31,190,3
489,5,88870.5,17774.1,31,15,82,2
490,8,130531.86,16316.4825,103,14,105,2
491,9,110903.06,12322.562222222225,159,27,115,3
492,4,88275.19,22068.7975,406,11,85,2
493,2,66104.7,33052.35,308,8,51,1
494,12,168656.94,14054.745,10,38,190,3
495,4,55526.5,13881.625,246,15,76,2
496,3,32477.88,10825.96,403,5,31,1
497,4,86422.27,21605.5675,63,16,85,2
498,10,182888.56,18288.856,19,33,174,3
499,12,235633.96,19636.16333333333,129,48,261,3
500,12,331528.81,27627.400833333333,14,44,289,3
501,3,48472.61,16157.536666666669,149,9,38,2
502,5,131479.41,26295.882,112,21,148,3
503,5,121909.36,24381.872,29,22,120,3
504,7,169946.12,24278.01714285714,66,25,164,3
505,3,67736.23,22578.74333333333,471,11,59,1
506,12,232891.79,19407.649166666662,130,39,225,3
507,1,8324.67,8324.67,204,2,17,0
508,12,169879.73,14156.644166666669,55,31,175,3
509,10,173744.61,17374.461,152,34,177,3
510,12,301460.53,25121.71083333333,226,42,270,3
511,6,108669.16,18111.52666666667,89,18,108,2
512,5,84226.66,16845.332000000002,92,13,90,2
513,9,198448.11,22049.79,42,29,188,3
514,11,172045.21,15640.473636363637,6,39,178,3
515,11,272970.02,24815.456363636364,53,37,243,3
516,6,99008.64,16501.44,33,22,111,3
517,12,251831.4,20985.95,3,48,247,3
518,4,75117.86,18779.465,21,13,68,2
519,8,183473.52,22934.19,151,33,181,3
520,4,87951.31,21987.8275,229,14,93,2
521,2,65108.99,32554.495,85,8,47,2
522,11,192354.79,17486.79909090909,178,32,201,3
523,6,98632.85,16438.808333333334,25,17,108,2
524,6,169367.22,28227.87,122,29,168,3
525,2,21058.46,10529.23,582,5,18,1
526,10,90311.39,9031.139,172,20,88,2
527,10,217209.98,21720.998,68,28,174,3
528,2,35423.68,17711.84,149,8,45,2
529,5,62709.7,12541.94,19,16,71,2
530,10,147594.93,14759.493,53,33,160,3
531,6,142968.69,23828.115,202,24,142,3
532,4,76268.82,19067.205,250,14,84,2
533,8,151563.41,18945.42625,29,25,141,3
534,4,95894.58,23973.645,45,20,96,2
535,6,110747.85,18457.975,117,19,110,2
536,4,86602.07,21650.5175,82,13,83,2
537,12,196948.52,16412.376666666667,92,37,201,3
538,3,54509.95,18169.983333333334,448,8,56,1
539,4,121908.36,30477.09,164,17,112,2
540,7,125593.12,17941.874285714286,104,25,155,3
541,6,112479.67,18746.611666666668,92,22,120,3
542,5,59366.06,11873.212,434,12,57,2
543,7,117186.53,16740.932857142856,282,20,117,3
544,7,136364.29,19480.61285714286,18,26,134,3
545,5,76449.68,15289.935999999998,21,14,66,2
546,2,59288.740000000005,29644.370000000003,74,12,66,2
547,3,30759.5,10253.166666666666,203,9,50,2
548,1,16660.84,16660.84,586,4,23,1
549,1,16102.4,16102.4,929,4,13,1
550,9,228398.66,25377.62888888889,292,36,222,3
551,4,74039.99,18509.9975,228,12,79,2
552,2,47730.52,23865.26,179,8,43,2
553,11,236346.72,21486.065454545456,28,34,219,3
554,12,237221.67,19768.4725,91,49,280,3
555,3,107279.78,35759.926666666666,643,16,84,1
556,6,126467.69,21077.948333333334,443,21,121,2
557,10,220761.71,22076.171,31,33,208,3
558,12,239173.34,19931.111666666668,48,43,258,3
559,3,65908.29999999999,21969.43333333333,154,6,42,2
560,11,180002.68,16363.88,151,30,170,3
561,6,86212.8,14368.8,4,16,74,2
562,6,116744.49,19457.415,83,21,104,3
563,5,93575.22,18715.044,605,22,113,2
564,11,253235.04,23021.367272727275,4,42,268,3
565,2,50105.35,25052.675,233,10,43,2
566,2,15299.07,7649.535,437,5,21,0
567,4,49937.52,12484.38,166,6,36,2
568,8,150978.19,18872.27375,76,27,138,3
569,4,148417.31,37104.3275,281,19,125,2
570,7,143399.53,20485.647142857146,4,24,146,3
571,5,86050.89,17210.178,38,16,71,2
572,8,110997.92,13874.74,22,21,124,3
573,7,92485.67,13212.238571428572,41,17,93,2
574,1,24246.22,24246.22,630,5,31,1
575,10,191284.65,19128.465,77,33,216,3
576,2,73291.38,36645.69,115,9,63,2
577,2,38653.89,19326.945,465,6,36,1
578,11,206371.54,18761.049090909088,72,36,225,3
579,9,198668.19,22074.24333333333,10,33,200,3
580,12,204683.69,17056.974166666667,46,33,193,3
581,9,218844.31,24316.034444444445,15,37,222,3
582,9,112016.4,12446.266666666666,294,27,112,3
583,1,25296.96,25296.96,925,3,21,1
584,9,258475.96,28719.551111111112,79,34,226,3
585,6,87435.04,14572.506666666666,291,16,92,2
586,3,90016.54000000001,30005.513333333336,168,15,84,2
587,6,168601.68,28100.28,184,22,174,3
588,9,215397.96,23933.10666666667,167,31,186,3
589,6,140826.66,23471.11,19,20,132,3
590,10,168538.64,16853.864,19,34,178,3
591,12,258611.0,21550.916666666668,9,34,237,3
592,4,75600.26000000001,18900.065,688,14,75,1
593,9,217627.59,24180.84333333333,22,32,176,3
594,3,21075.38,7025.126666666667,12,7,26,0
595,10,277522.06,27752.206,7,27,198,3
596,4,114489.46,28622.365,247,16,102,2
597,1,28462.0,28462.0,635,4,25,1
598,12,162669.62,13555.801666666666,231,27,161,3
599,4,70746.47,17686.6175,309,15,69,2
600,7,47441.58,6777.368571428572,44,9,62,2
601,6,88482.49,14747.081666666669,131,14,82,2
602,4,23180.48,5795.12,182,8,26,0
603,4,53201.79,13300.4475,33,11,69,2
604,9,187166.51,20796.27888888889,377,30,195,3
605,1,1660.7,1660.7,456,1,2,0
606,6,97089.15,16181.525,220,21,107,2
607,4,70105.57,17526.3925,221,13,70,2
608,6,110767.24,18461.20666666667,94,21,122,3
609,2,40208.68,20104.34,645,6,34,1
610,11,239771.91,21797.446363636365,64,42,242,3
611,2,2686.74,1343.37,175,2,10,0
612,9,207996.01,23110.66777777778,40,29,217,3
613,10,220925.75,22092.575,37,37,216,3
614,10,144683.6,14468.36,114,25,151,3
615,5,75404.78,15080.956,52,16,98,2
616,11,168945.38,15358.67090909091,12,33,221,3
617,9,162367.75,18040.86111111111,21,30,149,3
618,10,236553.27,23655.327,4,36,215,3
619,3,39373.39,13124.463333333331,162,8,42,2
620,4,81357.26,20339.315,16,13,87,2
621,2,28731.49,14365.745,361,5,36,1
622,8,164612.76,20576.595,77,30,187,3
623,2,55429.73,27714.865,371,11,52,1
624,10,208551.8,20855.18,252,32,194,3
625,8,127735.49,15966.93625,130,26,165,3
626,10,239925.78,23992.578,59,33,197,3
627,8,150363.07,18795.38375,129,26,146,3
628,10,180615.86,18061.586000000003,215,36,234,3
629,6,87505.92,14584.32,460,19,102,2
630,1,623.58,623.58,482,1,2,0
631,12,202702.18,16891.84833333333,32,41,223,3
632,6,176467.13,29411.18833333333,118,24,169,3
633,7,107987.12,15426.731428571427,118,21,100,3
634,8,144296.95,18037.11875,18,28,176,3
635,10,169556.34,16955.634,251,28,173,3
636,8,152522.03,19065.25375,59,24,148,3
637,3,82743.85999999999,27581.286666666663,221,11,62,2
638,12,200426.51,16702.209166666667,98,39,193,3
639,3,30164.26,10054.753333333334,66,4,22,0
640,5,91801.58,18360.316,456,14,99,2
641,12,216170.31,18014.1925,232,35,217,3
642,7,115047.85,16435.407142857144,41,28,139,3
643,10,261276.32,26127.632,291,36,250,3
644,4,63484.7,15871.175,23,13,68,2
645,8,129245.46,16155.6825,599,23,122,3
646,2,32893.79,16446.895,124,7,34,2
647,12,215781.72,17981.81,76,38,226,3
648,11,209025.62,19002.32909090909,12,37,226,3
649,7,143285.24,20469.32,82,26,152,3
650,2,60255.26,30127.63,510,6,44,1
651,6,133015.36,22169.226666666666,167,22,138,3
652,3,59680.05,19893.35,72,11,56,2
653,11,219513.08,19955.734545454547,78,34,225,3
654,8,172193.09,21524.13625,136,27,158,3
655,9,157219.98,17468.88666666667,18,32,180,3
656,6,125358.68,20893.11333333333,123,24,129,3
657,2,42622.3,21311.15,98,6,41,2
658,7,220194.44,31456.34857142857,15,32,210,3
659,7,138518.52,19788.36,178,27,130,3
660,9,142397.43,15821.936666666666,48,31,142,3
661,7,145412.38,20773.197142857145,35,22,133,3
662,8,134070.98,16758.8725,7,18,124,3
663,4,96442.16,24110.54,255,16,105,2
664,11,203085.87,18462.351818181814,105,38,209,3
665,2,41690.490000000005,20845.245000000003,276,6,38,1
666,2,23770.65,11885.325,497,6,23,1
667,11,255800.63,23254.60272727273,6,39,262,3
668,3,52062.91,17354.303333333333,573,9,49,1
669,4,81224.39,20306.0975,17,17,76,2
670,9,203453.2,22605.911111111112,177,34,209,3
671,2,36310.66,18155.33,165,9,34,2
672,1,21698.42,21698.42,731,4,21,1
673,7,212213.72,30316.245714285717,20,28,176,3
674,4,139592.76,34898.19,153,20,123,2
675,8,125486.15,15685.76875,61,20,92,3
676,11,195208.97,17746.27,45,38,208,3
677,4,137729.41999999998,34432.355,152,19,99,2
678,8,143169.38,17896.1725,7,25,143,3
679,5,48863.73,9772.746,101,11,59,2
680,7,121518.52,17359.788571428573,74,16,103,2
681,2,35573.23,17786.615,319,6,23,1
682,8,179869.76,22483.72,150,35,172,3
683,6,52415.86,8735.976666666667,7,16,67,2
684,3,66425.06,22141.686666666665,542,12,69,1
685,9,251308.18,27923.13111111111,113,41,224,3
686,7,130347.67,18621.095714285715,64,23,172,3
687,11,116546.84,10595.167272727273,134,23,117,3
688,8,209911.98,26238.9975,82,35,227,3
689,12,221897.19,18491.4325,71,38,246,3
690,10,169359.06,16935.906,109,30,193,3
691,3,36788.34,12262.78,591,7,41,1
692,11,249981.57,22725.597272727275,40,34,207,3
693,9,275455.85,30606.205555555556,115,35,246,3
694,3,34979.93,11659.976666666667,248,8,40,2
695,8,284343.08,35542.884999999995,90,40,232,3
696,10,212591.76,21259.176,88,34,211,3
697,1,13074.97,13074.97,927,5,27,1
698,9,155857.58,17317.508888888886,36,21,141,3
699,6,143056.02,23842.67,131,27,139,3
700,3,37749.38,12583.126666666663,272,7,40,2
701,1,7250.11,7250.11,431,2,5,0
702,9,193819.0,21535.444444444445,93,36,196,3
703,4,123478.96,30869.74,102,21,130,2
704,3,12724.0,4241.333333333333,652,8,29,0
705,12,221949.35,18495.779166666667,89,35,208,3
706,7,163916.05,23416.57857142857,21,25,153,3
707,10,180957.31,18095.731,114,31,179,3
708,10,210934.21,21093.421,50,37,202,3
709,10,203885.04,20388.504,37,37,216,3
710,11,153282.56,13934.77818181818,98,28,163,3
711,9,203221.73,22580.192222222224,146,34,185,3
712,8,150108.7,18763.5875,78,24,150,3
713,8,145775.22,18221.9025,43,31,151,3
714,4,91626.59,22906.6475,129,16,86,2
715,12,225336.0,18778.0,13,38,206,3
716,9,191354.51,21261.612222222226,191,31,198,3
717,9,211710.1,23523.344444444447,157,34,228,3
718,8,135843.53999999998,16980.442499999997,194,25,145,3
719,6,101955.66,16992.61,122,21,109,2
720,10,213781.76,21378.176,123,36,197,3
721,4,56719.17,14179.7925,26,15,91,2
722,12,253725.51,21143.7925,20,41,226,3
723,6,126904.07,21150.678333333333,109,25,126,3
724,5,78858.05,15771.61,212,17,72,2
725,7,130890.59,18698.655714285716,2,26,158,3
726,6,141114.23,23519.03833333333,153,24,124,3
727,2,39191.61,19595.805,63,7,36,2
728,12,254586.23,21215.51916666667,66,41,258,3
729,5,52582.03,10516.406,184,12,53,2
730,4,91145.26,22786.315,3,19,104,2
731,8,172573.47,21571.68375,41,29,162,3
732,3,74842.64,24947.546666666665,191,11,74,2
733,9,128450.12,14272.235555555557,126,26,143,3
734,8,195158.05,24394.75625,103,29,185,3
735,10,206604.54,20660.454,115,31,186,3
736,11,207283.0,18843.90909090909,38,35,221,3
737,12,288335.36,24027.946666666667,122,43,268,3
738,8,165815.82,20726.9775,84,30,173,3
739,10,168735.02,16873.502,36,26,164,3
740,9,220108.07,24456.452222222222,25,32,199,3
741,4,96407.52,24101.88,208,17,82,2
742,4,103486.36,25871.59,14,13,77,2
743,7,203505.12,29072.16,121,30,201,3
744,5,85830.21,17166.042,4,21,99,2
745,9,239206.86,26578.54,93,29,195,3
746,8,132889.6,16611.2,40,25,136,3
747,7,138079.82,19725.68857142857,121,25,139,3
748,12,202814.86,16901.23833333333,171,38,214,3
749,9,151501.38999999998,16833.487777777777,247,34,190,3
750,12,288648.67,24054.05583333333,144,44,280,3
751,6,153890.94,25648.49,172,25,157,3
752,2,29337.6,14668.8,31,6,37,2
753,2,49285.76,24642.88,418,9,51,1
754,9,121969.69,13552.187777777775,306,25,135,3
755,11,254539.75,23139.977272727272,15,41,233,3
756,4,100683.63999999998,25170.91,84,13,86,2
757,2,39543.52,19771.76,175,7,38,2
758,9,177770.74,19752.30444444444,264,36,190,3
759,2,22385.52,11192.76,295,6,23,1
760,3,67851.44,22617.146666666667,88,10,53,2
761,7,77833.28,11119.04,77,14,84,2
762,7,114622.71,16374.672857142856,5,20,103,3
763,11,284038.11,25821.64636363636,90,35,230,3
764,8,220141.69,27517.71125,44,35,220,3
765,2,64742.41,32371.205,133,8,64,2
766,11,180979.11,16452.646363636362,74,42,240,3
767,10,177270.24,17727.023999999998,163,30,205,3
768,9,124649.68,13849.964444444444,26,25,145,3
769,1,27670.02,27670.02,188,3,19,1
770,1,20322.34,20322.34,973,6,37,1
771,1,28170.43,28170.43,884,5,22,1
772,5,59459.36,11891.872,119,13,80,2
773,5,89622.17,17924.434,61,19,88,2
774,5,119949.37,23989.874,21,19,135,3
775,10,167998.07,16799.807,3,29,166,3
776,3,66857.93,22285.976666666666,108,10,64,2
777,6,102419.91,17069.985,105,17,108,2
778,12,187607.15,15633.929166666669,8,35,216,3
779,8,190380.29,23797.53625,17,27,178,3
780,1,19958.75,19958.75,125,3,15,1
781,3,73446.47,24482.156666666662,28,11,52,2
782,12,180867.98,15072.331666666663,7,33,175,3
783,10,266313.55,26631.355,139,41,236,3
784,3,90721.66,30240.553333333333,33,14,78,2
785,3,40635.43,13545.143333333332,52,8,39,2
786,5,93623.35,18724.67,273,13,82,2
787,7,122607.68,17515.382857142857,8,29,145,3
788,10,219252.05,21925.205,99,31,228,3
789,9,227689.28,25298.80888888889,40,36,199,3
790,1,8471.87,8471.87,8,4,23,0
791,5,125815.13,25163.026,264,19,109,2
792,11,123662.02,11242.001818181818,103,32,155,3
793,11,152520.89,13865.535454545456,81,24,146,3
794,12,124161.94,10346.828333333331,26,29,119,3
795,11,254740.73,23158.248181818184,36,43,230,3
796,6,164233.03,27372.171666666665,153,27,166,3
797,5,68243.90000000001,13648.780000000002,174,9,55,2
798,5,63286.83,12657.366,3,10,44,2
799,12,260754.27,21729.522500000003,112,42,254,3
800,9,181322.31,20146.92333333333,31,31,192,3
801,6,106639.3,17773.216666666667,106,23,125,3
802,1,20669.76,20669.76,30,2,17,1
803,4,90558.17,22639.5425,27,11,84,2
804,5,101866.7,20373.34,66,16,92,2
805,3,50225.97,16741.99,161,11,60,2
806,4,57897.41,14474.3525,291,9,47,2
807,2,14504.15,7252.075,579,6,24,0
808,7,124203.28,17743.325714285715,32,19,112,3
809,8,108173.24,13521.655,271,25,121,3
810,7,121044.89,17292.12714285714,15,18,105,3
811,4,103031.4,25757.85,343,14,93,2
812,5,89784.67,17956.934,13,19,88,2
813,2,40260.31,20130.155,654,11,54,1
814,5,117687.82,23537.564,302,17,117,2
815,5,151018.75,30203.75,212,20,137,3
816,5,99431.52,19886.304,149,20,104,2
817,12,221400.63,18450.0525,68,43,227,3
818,12,155516.52,12959.71,46,29,173,3
819,4,96019.8,24004.95,127,15,97,2
820,4,88131.48999999999,22032.8725,175,14,83,2
821,1,17594.91,17594.91,382,4,14,1
822,6,88970.92,14828.486666666666,73,20,71,2
823,7,134401.09,19200.155714285716,289,23,135,3
824,4,65710.19,16427.5475,28,15,83,2
825,9,164390.38,18265.597777777777,29,26,162,3
826,11,183212.06,16655.64181818182,65,34,196,3
827,5,101013.26,20202.652,198,20,104,2
828,3,56326.33,18775.443333333333,554,10,58,1
829,1,24902.53,24902.53,651,5,26,1
830,12,256447.71,21370.6425,74,39,260,3
831,12,251072.0,20922.666666666668,37,40,225,3
832,5,119668.42,23933.684,99,17,89,2
833,12,235448.79,19620.7325,40,43,239,3
834,9,193109.95,21456.661111111112,316,34,209,3
835,6,131496.07,21916.01166666667,81,19,132,3
836,12,194232.54,16186.045,4,34,203,3
837,11,180269.43,16388.13,56,35,169,3
838,6,145895.38,24315.896666666667,117,26,146,3
839,10,162603.31,16260.331,154,19,144,3
840,11,259301.02,23572.820000000003,82,38,247,3
841,11,232906.96,21173.36,234,42,220,3
842,9,143095.57,15899.50777777778,86,28,138,3
843,11,195688.53,17789.866363636364,322,31,176,3
844,12,241440.15,20120.0125,201,43,241,3
845,12,202912.1,16909.341666666667,418,36,226,3
846,7,143723.16,20531.88,14,23,168,3
847,10,222046.03,22204.603,279,37,198,3
848,1,8881.34,8881.34,469,3,9,0
849,6,107051.63,17841.938333333335,348,15,92,2
850,3,84758.78,28252.926666666663,324,15,77,2
851,1,16544.59,16544.59,987,3,14,1
852,10,171853.86000000002,17185.386000000002,47,29,147,3
853,10,165533.91999999998,16553.392,195,30,188,3
854,4,92407.29,23101.8225,463,16,70,2
855,8,207298.25,25912.28125,214,28,169,3
856,8,203839.72,25479.965,25,29,200,3
857,4,66673.03,16668.2575,6,10,71,2
858,1,13936.11,13936.11,648,5,32,1
859,9,212961.67,23662.40777777777,30,30,176,3
860,5,85525.85,17105.170000000002,6,14,79,2
861,5,99473.22,19894.644,63,19,83,2
862,5,104012.14,20802.428,340,21,104,2
863,6,123216.37,20536.061666666665,65,20,114,3
864,1,8111.13,8111.13,707,2,7,0
865,3,58240.33,19413.443333333333,70,10,48,2
866,12,224149.08,18679.09,30,42,250,3
867,4,81975.45999999999,20493.865,333,16,100,2
868,1,11566.28,11566.28,647,3,8,0
869,6,190743.36,31790.56,104,27,155,3
870,5,73449.83,14689.966,108,18,76,2
871,6,133748.47,22291.411666666667,266,26,166,3
872,7,185856.95,26550.992857142857,387,28,181,3
873,9,185374.2,20597.13333333333,50,30,189,3
874,9,201063.9,22340.43333333333,150,27,154,3
875,10,169144.24,16914.424,339,32,179,3
876,5,102699.54,20539.908000000003,344,18,105,2
877,1,26317.13,26317.13,70,4,20,1
878,7,125172.59,17881.79857142857,94,23,127,3
879,11,134918.05,12265.277272727271,71,35,150,3
880,3,44292.71,14764.236666666666,126,8,51,2
881,3,76655.53,25551.84333333333,118,12,72,2
882,2,68731.28,34365.64,481,10,61,1
883,12,242111.19,20175.9325,70,45,278,3
884,5,79333.08,15866.616,8,12,61,2
885,7,136544.98,19506.42571428572,171,29,147,3
886,1,22778.88,22778.88,984,4,18,1
887,7,150632.75,21518.964285714286,167,24,151,3
888,11,130951.34,11904.667272727273,25,24,125,3
889,1,6174.72,6174.72,212,2,12,0
890,9,181821.71,20202.41222222222,153,31,195,3
891,12,213861.05,17821.754166666666,87,38,216,3
892,12,194143.32,16178.61,148,36,209,3
893,5,84628.3,16925.66,403,15,102,2
894,3,83758.16,27919.38666666667,140,13,82,2
895,1,12375.51,12375.51,99,1,7,0
896,4,30382.28,7595.57,11,12,57,2
897,11,186306.79,16936.98090909091,93,31,173,3
898,3,43827.93,14609.31,360,11,56,2
899,1,7699.35,7699.35,398,2,9,0
900,4,60464.740000000005,15116.185,396,10,63,2
901,1,25051.57,25051.57,151,5,18,1
902,9,166315.14,18479.460000000003,183,32,170,3
903,11,220493.46,20044.86,64,36,216,3
904,7,149653.69999999998,21379.1,113,25,151,3
905,12,318308.37,26525.6975,23,43,268,3
906,10,213912.25,21391.225,50,37,237,3
907,7,175164.89,25023.55571428572,1,27,159,3
908,5,103811.48,20762.296,213,15,90,2
909,12,285933.57,23827.7975,136,45,260,3
910,5,134627.1,26925.42,11,23,134,3
911,7,103993.17,14856.167142857144,181,23,125,3
912,1,23718.13,23718.13,704,6,33,1
913,12,241108.48,20092.373333333333,33,35,239,3
914,4,84315.56,21078.89,304,13,76,2
915,7,91641.2,13091.600000000002,208,13,84,2
916,4,103047.86,25761.965,194,14,79,2
917,8,118842.61,14855.326249999998,67,19,125,3
918,1,6861.12,6861.12,569,1,6,0
919,7,149549.90999999997,21364.27285714285,71,25,146,3
920,1,22023.0,22023.0,650,4,18,1
921,12,184524.72,15377.06,12,34,202,3
922,10,249972.35,24997.235,28,37,212,3
923,5,63076.54,12615.308,295,16,82,2
924,3,35556.85,11852.283333333333,531,6,35,1
925,7,144299.37,20614.195714285717,68,22,139,3
926,6,113664.54,18944.09,127,19,128,3
927,11,204518.35,18592.577272727274,19,35,191,3
928,6,75726.46,12621.076666666668,295,14,81,2
929,6,81872.21,13645.368333333334,290,12,69,2
930,8,201650.66,25206.3325,15,30,189,3
931,3,62728.880000000005,20909.626666666667,276,11,73,2
932,8,183837.93,22979.74125,162,29,190,3
933,12,252176.78,21014.731666666667,111,43,266,3
934,2,32793.1,16396.55,243,8,38,1
935,7,272814.94,38973.56285714286,16,34,245,3
936,10,109159.81,10915.981,223,29,143,3
937,7,85017.73,12145.39,63,16,73,2
938,2,44271.22,22135.61,235,10,55,2
939,4,65611.84,16402.96,119,17,81,2
940,7,138996.21,19856.601428571423,28,19,126,3
941,10,160152.35,16015.235,70,31,172,3
942,9,189928.58,21103.17555555556,232,28,172,3
943,2,26700.33,13350.165,98,6,31,2
944,6,86504.95,14417.491666666669,22,14,71,2
945,12,218945.72,18245.476666666666,114,37,230,3
946,11,219744.08,19976.734545454547,13,36,222,3
947,5,58129.31,11625.862,165,15,70,2
948,9,123476.62,13719.624444444444,39,31,141,3
949,5,138855.49,27771.098,508,17,112,2
950,8,208176.66,26022.0825,123,29,188,3
951,3,51168.7,17056.233333333334,192,11,55,2
952,3,53873.05,17957.683333333334,353,10,64,2
953,12,245442.78,20453.565,241,40,240,3
954,12,227442.56,18953.546666666665,109,37,197,3
955,4,92380.62,23095.155,93,15,94,2
956,11,212290.44,19299.13090909091,8,39,217,3
957,2,40777.21,20388.605,139,6,35,2
958,8,201965.6,25245.7,56,26,180,3
959,10,187714.09,18771.409,120,29,177,3
960,8,215438.97,26929.87125,164,29,174,3
961,6,110068.76,18344.79333333333,44,23,128,3
962,3,79605.56,26535.186666666665,223,15,86,2
963,10,197649.97,19764.997,52,31,199,3
964,12,192688.82,16057.401666666668,108,42,230,3
965,7,152984.37,21854.91,415,28,158,3
966,1,46569.47,46569.47,258,6,39,1
967,4,53238.28,13309.57,52,16,74,2
968,4,55620.71,13905.1775,409,11,47,2
969,1,20002.67,20002.67,589,6,41,1
970,5,179491.74,35898.348,81,24,160,3
971,6,119026.0,19837.666666666668,208,21,125,3
972,8,188084.32,23510.54,106,29,185,3
973,8,158827.66,19853.4575,120,27,145,3
974,3,101261.81,33753.93666666667,220,13,78,2
975,11,182997.04,16636.094545454544,73,39,217,3
976,7,132268.06,18895.437142857143,71,23,127,3
977,11,217639.94,19785.449090909093,10,33,206,3
978,11,161934.32,14721.30181818182,151,30,171,3
979,9,236024.76,26224.97333333333,142,34,208,3
980,7,151156.84,21593.834285714285,69,23,135,3
981,7,78582.51000000001,11226.07285714286,182,20,89,2
982,6,141759.85,23626.641666666663,152,25,141,3
983,12,276754.28,23062.85666666667,66,34,253,3
984,11,231476.46,21043.314545454545,20,42,236,3
985,12,214698.89,17891.57416666667,63,35,222,3
986,3,55160.51,18386.836666666662,96,9,53,2
987,2,16375.74,8187.87,413,4,22,0
988,9,160993.54,17888.17111111111,162,32,189,3
989,4,80019.65,20004.9125,4,12,67,2
990,8,137882.18,17235.2725,14,29,135,3
991,12,234446.79,19537.2325,3,41,223,3
992,2,46057.85,23028.925,26,7,36,2
993,1,1982.1,1982.1,559,1,10,0
994,2,23500.33,11750.165,527,5,24,1
995,3,46497.96,15499.32,42,10,51,2
996,6,167620.91,27936.818333333333,355,24,154,3
997,1,35932.61,35932.61,925,6,40,1
998,1,22319.22,22319.22,904,3,21,1
999,8,197021.68,24627.71,165,36,217,3
1000,1,8433.69,8433.69,114,3,16,0
