customer_id,transaction_count,monetary,avg_order_value,recency,product_count,total_quantity
1,2,58539.270000000004,29269.635000000002,227,8,43
2,1,27436.17,27436.17,726,4,31
3,7,188288.84,26898.405714285713,437,30,176
4,11,212430.29,19311.844545454547,9,37,212
5,1,22449.39,22449.39,170,6,30
6,3,85793.33,28597.77666666667,252,14,83
7,11,274767.27,24978.842727272728,84,43,269
8,2,58345.65,29172.825,834,9,48
9,10,232199.11,23219.911,49,34,204
10,8,132013.15,16501.64375,415,26,142
11,7,65574.29,9367.755714285713,114,15,85
12,11,267442.44,24312.949090909093,2,38,257
13,8,154768.06,19346.0075,2,26,156
14,4,70944.26,17736.065,222,12,61
15,4,37100.380000000005,9275.095000000001,486,11,63
16,9,111620.0,12402.222222222223,257,21,131
17,12,240304.44,20025.37,46,43,247
18,12,169904.8,14158.733333333332,30,31,184
19,8,152276.72,19034.59,9,26,150
20,3,47106.92,15702.306666666665,456,8,35
21,9,186564.0,20729.333333333332,1,29,154
22,1,26956.48,26956.48,238,3,21
23,9,94812.4,10534.71111111111,122,25,138
24,6,61310.729999999996,10218.455,71,17,91
25,3,77652.84,25884.28,22,15,85
26,4,75864.36,18966.09,31,13,84
27,11,205970.91999999998,18724.62909090909,7,32,202
28,9,208035.97,23115.10777777778,166,34,181
29,6,105185.11,17530.851666666666,45,17,100
30,6,111821.23999999999,18636.873333333333,140,18,107
31,8,204765.06999999998,25595.633749999997,62,35,207
32,3,91826.79999999999,30608.93333333333,370,15,80
33,12,264140.41000000003,22011.700833333336,16,45,260
34,8,178037.32,22254.665,76,28,155
35,5,92362.23999999999,18472.447999999997,252,17,96
36,10,185091.89,18509.189000000002,80,28,159
37,12,190923.71,15910.309166666666,13,36,217
38,6,88530.4,14755.066666666666,448,16,103
39,6,120959.99,20159.998333333333,157,21,127
40,5,84227.5,16845.5,519,15,88
41,1,12029.97,12029.97,339,3,9
42,8,141504.6,17688.075,150,23,144
43,11,301528.44,27411.676363636365,132,42,261
44,7,112986.41,16140.915714285715,128,21,114
45,10,284780.88,28478.088,57,42,257
46,7,150003.37,21429.052857142855,171,26,139
47,5,114121.65,22824.329999999998,140,21,131
48,1,34516.8,34516.8,168,6,34
49,10,141154.56,14115.456,119,26,142
50,3,41067.49,13689.163333333332,102,8,48
51,1,5365.98,5365.98,668,4,12
52,11,263970.31,23997.300909090907,47,48,276
53,7,115859.81999999999,16551.402857142857,243,22,124
54,5,87977.92000000001,17595.584000000003,345,18,111
55,6,150030.22,25005.036666666667,87,28,139
56,4,105779.56999999999,26444.892499999998,232,19,118
57,11,126413.37,11492.124545454544,47,25,134
58,2,17393.57,8696.785,199,3,14
59,2,28791.25,14395.625,280,6,23
60,1,17154.28,17154.28,596,4,22
61,5,111383.2,22276.64,16,19,104
62,2,52044.47,26022.235,465,10,44
63,1,7296.82,7296.82,241,2,12
64,9,168154.77,18683.86333333333,288,33,155
65,3,44389.96,14796.653333333334,385,11,45
66,4,47096.81,11774.2025,172,10,51
67,12,230390.43,19199.2025,26,37,228
68,9,252074.09,28008.23222222222,207,32,227
69,12,190587.93,15882.3275,118,30,148
70,7,101311.38,14473.054285714286,343,20,92
71,7,134222.04,19174.577142857142,118,23,155
72,9,245191.19999999998,27243.466666666664,119,28,177
73,4,55936.1,13984.025,68,11,50
74,8,138744.58,17343.0725,369,27,147
75,8,176917.41999999998,22114.677499999998,72,30,162
76,11,157923.86000000002,14356.714545454546,5,34,201
77,1,16354.65,16354.65,610,4,23
78,12,270079.86,22506.655,69,38,251
79,3,20853.3,6951.099999999999,205,7,24
80,1,2153.0,2153.0,966,1,5
81,8,186344.97999999998,23293.122499999998,165,32,173
82,10,229554.46000000002,22955.446000000004,97,35,221
83,10,226961.18,22696.118,105,33,219
84,3,46505.42,15501.806666666665,222,11,56
85,3,33685.29,11228.43,774,8,54
86,11,221686.62,20153.32909090909,1,38,210
87,9,186473.21000000002,20719.245555555557,27,31,198
88,2,29761.09,14880.545,367,7,43
89,9,188687.59,20965.287777777776,4,34,202
90,7,117235.43,16747.91857142857,34,26,139
91,10,151962.87,15196.287,60,28,155
92,2,38738.69,19369.345,874,8,35
93,3,83983.69,27994.563333333335,560,13,84
94,6,92874.22,15479.036666666667,91,14,95
95,5,95720.59,19144.118,143,19,99
96,4,34763.64,8690.91,363,9,34
97,8,102749.82,12843.7275,20,26,152
98,5,98242.86,19648.572,26,18,104
99,10,228431.26,22843.126,24,36,221
100,1,26639.9,26639.9,669,6,28
101,6,135278.1,22546.350000000002,125,25,150
102,10,147426.27,14742.626999999999,28,28,170
103,10,149294.49,14929.448999999999,49,25,135
104,3,59245.89,19748.63,103,10,46
105,4,46612.84,11653.21,174,12,56
106,9,95352.98999999999,10594.776666666665,79,24,137
107,8,143565.88,17945.735,39,28,157
108,9,140351.06,15594.562222222223,76,32,207
109,7,167535.58000000002,23933.65428571429,252,22,133
110,7,197034.87,28147.838571428572,3,29,182
111,3,81317.62,27105.873333333333,376,10,61
112,7,118462.83,16923.26142857143,122,20,117
113,8,180734.47,22591.80875,180,29,161
114,9,178036.52,19781.835555555554,47,35,176
115,2,72542.06,36271.03,376,9,54
116,11,123150.73,11195.520909090908,58,23,121
117,2,45210.89,22605.445,761,11,42
118,2,14822.31,7411.155,335,3,27
119,3,19121.57,6373.856666666667,360,7,38
120,12,225555.93,18796.3275,7,43,214
121,2,25739.4,12869.7,163,5,27
122,5,123628.04000000001,24725.608,14,21,103
123,11,235751.71,21431.973636363637,129,36,213
124,12,220072.23,18339.3525,15,37,215
125,9,110377.37,12264.152222222221,86,22,108
126,6,146486.88,24414.48,74,21,122
127,11,172748.55,15704.413636363635,42,31,186
128,2,47181.4,23590.7,66,8,43
129,6,63702.03,10617.005,115,13,72
130,11,203658.26,18514.387272727272,158,33,220
131,4,100163.42,25040.855,443,17,92
132,11,182565.37,16596.851818181818,30,32,196
133,2,56268.42,28134.21,694,10,52
134,4,91040.64,22760.16,24,16,97
135,11,213877.59,19443.41727272727,114,39,236
136,12,309786.3,25815.524999999998,157,52,290
137,10,250540.47,25054.047,117,40,240
138,10,184980.63999999998,18498.064,70,33,197
139,6,149779.32,24963.22,576,22,138
140,2,54861.729999999996,27430.864999999998,1,10,53
141,2,42851.97,21425.985,95,8,43
142,3,78815.77,26271.923333333336,636,13,69
143,5,102613.95,20522.79,54,19,107
144,4,84772.47,21193.1175,686,14,77
145,10,219233.06,21923.306,53,35,217
146,2,81627.56,40813.78,201,11,58
147,1,2790.54,2790.54,972,1,6
148,5,62446.16,12489.232,241,14,79
149,5,99701.08,19940.216,92,22,108
150,11,180632.98,16421.18,81,34,208
151,2,20162.12,10081.06,255,6,38
152,10,197995.69,19799.569,28,32,178
153,4,88859.14,22214.785,60,16,76
154,1,2399.25,2399.25,660,1,5
155,8,186414.48,23301.81,49,29,131
156,6,81684.51999999999,13614.086666666664,27,17,88
157,11,220747.1,20067.918181818182,54,33,214
158,8,196708.94,24588.6175,6,32,204
159,11,214984.77000000002,19544.070000000003,106,41,216
160,9,234412.62,26045.846666666665,49,28,199
161,8,175121.15,21890.14375,157,26,151
162,12,199686.56,16640.546666666665,1,32,185
163,8,109874.72,13734.34,466,23,123
164,2,14817.05,7408.525,684,4,21
165,6,60236.28,10039.38,135,16,67
166,6,71683.41,11947.235,419,13,74
167,5,107161.25,21432.25,16,16,93
168,6,201742.09,33623.681666666664,480,28,147
169,1,17970.03,17970.03,824,3,15
170,10,161721.63999999998,16172.163999999999,57,30,157
171,4,83824.71,20956.1775,562,15,89
172,5,86440.89,17288.178,61,16,88
173,2,6828.839999999999,3414.4199999999996,127,3,15
174,1,32103.38,32103.38,208,5,33
175,3,54193.86,18064.62,174,9,38
176,11,237700.79,21609.162727272727,125,42,224
177,2,44789.94,22394.97,306,6,39
178,3,41203.77,13734.589999999998,95,10,51
179,5,97071.09,19414.218,248,17,97
180,5,94913.52,18982.704,108,15,81
181,5,60282.490000000005,12056.498000000001,101,12,55
182,11,189912.4,17264.763636363637,23,34,187
183,10,216194.52,21619.451999999997,39,31,179
184,7,162256.31,23179.472857142857,112,24,159
185,9,142850.87,15872.318888888889,14,25,160
186,10,185989.38,18598.938000000002,11,30,156
187,12,226404.22,18867.018333333333,7,39,223
188,7,106363.62,15194.802857142857,168,24,126
189,3,39394.0,13131.333333333334,270,9,39
190,11,218552.81,19868.43727272727,45,38,214
191,5,72374.34,14474.867999999999,98,17,82
192,6,74431.29,12405.214999999998,345,20,108
193,4,82731.67000000001,20682.917500000003,4,13,76
194,7,158154.47,22593.495714285713,36,26,150
195,6,120409.5,20068.25,64,23,141
196,9,157926.16,17547.35111111111,221,30,144
197,6,69981.34,11663.556666666665,113,20,113
198,6,152556.32,25426.053333333333,170,22,145
199,8,201024.95,25128.11875,48,32,194
200,8,109053.53,13631.69125,247,22,118
201,9,181068.37,20118.707777777778,94,31,164
202,7,137378.08,19625.44,64,22,137
203,3,74887.1,24962.36666666667,126,9,60
204,2,53987.1,26993.55,407,9,50
205,6,169332.81,28222.135,471,25,147
206,6,141367.72,23561.286666666667,133,20,126
207,11,215988.53,19635.320909090908,161,37,213
208,4,75016.19,18754.0475,56,15,77
209,3,64560.27,21520.09,306,12,63
210,9,224565.37,24951.707777777778,64,28,201
211,9,206695.44,22966.16,2,31,174
212,11,191951.46,17450.132727272725,48,35,244
213,2,26244.379999999997,13122.189999999999,46,7,27
214,3,27598.850000000002,9199.616666666667,488,8,31
215,10,231830.47999999998,23183.048,7,44,255
216,5,55476.14,11095.228,235,13,59
217,4,106269.95000000001,26567.487500000003,125,16,109
218,5,61204.25,12240.85,6,13,71
219,4,58190.76,14547.69,41,13,71
220,4,63882.31,15970.5775,10,9,59
221,3,39999.950000000004,13333.316666666668,252,7,54
222,11,147140.08,13376.370909090909,25,27,135
223,4,68486.65,17121.6625,115,10,78
224,1,14290.92,14290.92,365,1,9
225,11,250613.4,22783.03636363636,141,42,263
226,10,239829.75,23982.975,63,34,202
227,2,42400.62,21200.31,158,9,46
228,1,43427.36,43427.36,2,5,45
229,11,255621.61,23238.328181818182,7,38,224
230,2,56049.45,28024.725,121,10,53
231,3,65734.97,21911.656666666666,49,9,67
232,7,164476.06,23496.579999999998,110,22,155
233,4,83949.92,20987.48,278,16,89
234,9,164189.87,18243.318888888887,20,32,194
235,7,99432.03,14204.575714285715,99,22,98
236,8,133501.8,16687.725,28,21,123
237,6,69213.05,11535.508333333333,112,18,69
238,3,71070.79999999999,23690.266666666663,287,11,56
239,5,60775.36,12155.072,279,9,50
240,10,150037.88,15003.788,8,27,157
241,11,192122.24,17465.65818181818,6,36,201
242,5,106219.56,21243.912,47,12,82
243,4,142348.18,35587.045,3,18,125
244,1,38780.77,38780.77,630,5,33
245,11,187072.44,17006.585454545453,61,38,194
246,8,204839.7,25604.9625,41,27,186
247,6,112406.29000000001,18734.381666666668,67,25,107
248,9,138272.16,15363.573333333334,66,28,153
249,3,26547.82,8849.273333333333,266,7,48
250,8,160043.03,20005.37875,10,30,148
251,2,29276.75,14638.375,388,7,35
252,4,103504.2,25876.05,546,15,96
253,8,136640.02,17080.0025,163,26,146
254,9,165781.74,18420.193333333333,5,29,164
255,6,104132.41,17355.40166666667,173,26,123
256,1,9868.32,9868.32,497,1,9
257,2,52137.979999999996,26068.989999999998,53,9,45
258,2,37431.35,18715.675,316,7,43
259,4,37009.53,9252.3825,92,15,59
260,2,59138.69,29569.345,24,10,47
261,10,193629.74,19362.974,267,30,182
262,12,223189.82,18599.15166666667,105,36,209
263,8,141892.09,17736.51125,27,26,142
264,6,63178.909999999996,10529.818333333333,308,15,68
265,10,182455.54,18245.554,23,29,176
266,2,67036.81999999999,33518.409999999996,744,11,61
267,2,18469.25,9234.625,41,4,19
268,4,63406.36,15851.59,3,8,58
269,3,65411.53,21803.843333333334,306,10,55
270,12,190609.72,15884.143333333333,27,39,203
271,3,73699.26000000001,24566.420000000002,8,11,67
272,7,116702.15,16671.735714285714,233,23,129
273,9,212070.99000000002,23563.443333333336,155,33,184
274,12,322298.07,26858.1725,3,41,268
275,12,235660.65,19638.3875,8,42,229
276,4,82201.03,20550.2575,161,13,80
277,5,98482.84,19696.568,198,14,84
278,9,213702.68,23744.742222222223,60,33,216
279,4,124710.91,31177.7275,262,19,112
280,5,78283.17,15656.634,221,12,70
281,3,78794.71,26264.903333333335,423,14,95
282,1,8701.13,8701.13,410,4,24
283,12,270305.19,22525.4325,89,40,270
284,8,201704.12,25213.015,8,31,205
285,12,273220.99,22768.415833333333,21,44,263
286,12,218099.16,18174.93,10,35,227
287,4,76039.23999999999,19009.809999999998,121,11,74
288,7,133510.65,19072.95,212,26,168
289,2,33005.14,16502.57,770,7,34
290,5,74299.17,14859.833999999999,8,15,78
291,9,108262.49,12029.165555555555,4,27,129
292,11,315521.5,28683.772727272728,134,49,283
293,1,25221.59,25221.59,142,5,30
294,7,127740.76999999999,18248.681428571428,161,24,159
295,8,125202.92,15650.365,54,22,126
296,6,97745.87,16290.978333333333,36,18,95
297,6,83833.65,13972.275,42,10,66
298,2,14516.26,7258.13,133,4,22
299,7,145167.85,20738.264285714286,100,23,129
300,1,9787.68,9787.68,677,1,8
301,6,56182.34,9363.723333333333,319,13,86
302,5,85297.1,17059.420000000002,79,15,107
303,5,42090.520000000004,8418.104000000001,40,14,61
304,11,158856.89,14441.535454545456,56,25,143
305,3,76754.86000000002,25584.95333333334,104,10,67
306,8,145540.14,18192.5175,98,26,149
307,8,134797.16999999998,16849.646249999998,249,30,150
308,1,13456.04,13456.04,585,3,11
309,7,135983.72999999998,19426.24714285714,96,24,123
310,10,179487.52,17948.752,22,31,194
311,8,164347.02000000002,20543.377500000002,59,26,158
312,12,244111.16,20342.596666666668,58,32,217
313,6,83347.04000000001,13891.173333333334,113,18,93
314,6,120208.56,20034.76,181,21,102
315,7,102106.57,14586.652857142859,6,20,108
316,6,118339.86,19723.31,107,19,105
317,10,187790.56,18779.056,78,36,223
318,8,143285.18,17910.6475,56,23,138
319,5,108179.77,21635.954,318,18,116
320,7,156845.43,22406.489999999998,44,22,138
321,9,131567.25,14618.583333333334,51,25,124
322,11,230296.27000000002,20936.024545454547,36,38,224
323,2,43033.25,21516.625,593,5,36
324,6,114696.72,19116.12,165,23,113
325,9,196025.39,21780.59888888889,17,33,180
326,10,173670.62,17367.061999999998,6,29,153
327,3,86899.84,28966.61333333333,503,11,61
328,1,25263.77,25263.77,912,6,31
329,10,269576.27,26957.627,306,37,237
330,10,243974.45,24397.445,7,35,214
331,5,51923.6,10384.72,278,14,71
332,3,38075.78,12691.926666666666,249,9,47
333,2,45568.869999999995,22784.434999999998,37,9,64
334,11,225756.97999999998,20523.361818181816,52,38,213
335,2,23840.38,11920.19,170,6,18
336,8,164601.5,20575.1875,34,32,168
337,8,122270.54000000001,15283.817500000001,256,23,130
338,12,291009.07,24250.755833333333,74,47,315
339,12,239563.01,19963.584166666667,52,44,264
340,1,39852.95,39852.95,167,5,36
341,9,146274.06,16252.673333333332,325,28,152
342,11,197328.25,17938.93181818182,145,33,206
343,2,8422.99,4211.495,108,3,11
344,4,105136.42,26284.105,393,17,97
345,4,53822.33,13455.5825,601,9,50
346,5,79395.43,15879.086,17,19,100
347,3,63005.729999999996,21001.91,61,10,65
348,6,101182.51,16863.751666666667,216,20,112
349,8,125919.84,15739.98,95,23,112
350,5,174042.67,34808.534,389,24,155
351,5,135133.06,27026.612,136,22,125
352,8,178489.41,22311.17625,281,33,194
353,4,96998.96,24249.74,35,14,88
354,6,170783.9,28463.983333333334,492,24,156
355,6,155623.98,25937.33,533,26,185
356,8,157183.55,19647.94375,22,33,197
357,10,168986.83,16898.682999999997,81,30,163
358,2,42388.07,21194.035,725,6,36
359,12,222675.38999999998,18556.282499999998,34,38,205
360,2,48869.079999999994,24434.539999999997,194,9,55
361,8,113045.69,14130.71125,5,22,135
362,8,161888.97,20236.12125,310,27,175
363,3,77608.34,25869.446666666667,97,12,70
364,9,156501.43,17389.047777777778,162,27,142
365,10,193763.01,19376.301,20,38,196
366,9,153276.75,17030.75,208,30,179
367,9,167329.85,18592.205555555556,30,30,175
368,1,30938.15,30938.15,362,6,38
369,10,227606.12,22760.612,7,32,207
370,11,235914.81,21446.800909090907,71,39,211
371,11,228581.02,20780.092727272728,82,35,222
372,1,16395.69,16395.69,393,3,19
373,1,16552.85,16552.85,765,5,28
374,2,63215.59,31607.795,264,8,53
375,1,14004.08,14004.08,567,3,23
376,3,88280.38,29426.793333333335,164,10,70
377,9,150105.93,16678.436666666665,54,21,114
378,11,202662.92,18423.90181818182,97,31,197
379,7,143750.0,20535.714285714286,6,21,118
380,4,106420.46,26605.115,293,18,104
381,11,183562.93,16687.53909090909,48,36,185
382,7,103223.88,14746.268571428573,47,23,126
383,6,97341.26,16223.543333333333,200,18,90
384,3,38931.729999999996,12977.243333333332,46,9,47
385,6,127118.20999999999,21186.368333333332,97,21,136
386,5,167498.0,33499.6,259,22,154
387,9,194484.52,21609.39111111111,9,28,164
388,11,224569.87,20415.442727272726,8,35,217
389,10,146673.71,14667.371,16,29,172
390,2,33847.5,16923.75,520,4,23
391,11,255994.55000000002,23272.23181818182,86,36,202
392,10,176047.2,17604.72,7,30,184
393,7,201587.08000000002,28798.15428571429,95,29,190
394,5,98748.03,19749.606,259,16,93
395,12,175027.31,14585.609166666667,89,28,146
396,9,175751.13999999998,19527.904444444444,95,30,167
397,12,211103.1,17591.925,12,43,250
398,9,195107.18,21678.575555555555,24,24,171
399,4,78690.37,19672.5925,319,16,80
400,2,74973.55,37486.775,73,11,61
401,2,53711.18,26855.59,492,8,43
402,12,208822.97,17401.914166666666,233,34,210
403,1,21639.56,21639.56,406,4,23
404,8,175471.93,21933.99125,80,31,202
405,11,346187.59,31471.599090909094,76,46,327
406,8,156720.98,19590.1225,66,30,183
407,7,110580.67,15797.238571428572,77,24,134
408,4,64954.24,16238.56,222,16,91
409,10,189872.34,18987.234,122,30,156
410,12,282103.69,23508.640833333335,8,38,279
411,3,21954.98,7318.326666666667,194,6,23
412,8,209381.62,26172.7025,71,31,226
413,2,40710.96,20355.48,52,6,33
414,8,158961.31,19870.16375,39,31,165
415,6,149386.39,24897.73166666667,66,25,149
416,9,230588.41999999998,25620.935555555552,14,34,214
417,11,203541.97,18503.815454545456,10,40,192
418,9,190338.74,21148.748888888887,222,21,156
419,10,136964.28,13696.428,190,27,157
420,7,84962.13,12137.447142857143,12,22,90
421,8,207508.14,25938.5175,77,28,187
422,3,75435.04000000001,25145.013333333336,301,11,77
423,5,99321.98,19864.396,65,14,80
424,1,25427.58,25427.58,768,5,19
425,2,19179.18,9589.59,717,4,11
426,5,72196.85,14439.37,4,18,87
427,11,228810.74,20800.976363636364,222,37,241
428,12,313766.98,26147.248333333333,37,46,284
429,10,277699.55,27769.954999999998,120,40,258
430,5,126024.9,25204.98,1,20,128
431,12,186860.72,15571.726666666667,44,35,190
432,7,140046.18,20006.597142857143,116,24,149
433,3,68131.48,22710.493333333332,506,9,56
434,3,90516.2,30172.066666666666,221,13,73
435,2,23393.73,11696.865,333,9,36
436,12,291914.61,24326.2175,43,43,285
437,8,156078.55,19509.81875,405,28,144
438,11,163977.35,14907.031818181818,12,34,184
439,9,155041.93,17226.88111111111,144,24,145
440,2,3093.32,1546.66,69,2,5
441,1,24317.97,24317.97,304,6,22
442,9,164123.02,18235.89111111111,75,24,146
443,5,117811.56,23562.311999999998,37,21,129
444,8,154537.55,19317.19375,3,26,182
445,7,119330.87,17047.26714285714,233,24,135
446,12,190274.6,15856.216666666667,7,42,244
447,10,169010.89,16901.089,19,35,168
448,2,29767.04,14883.52,370,6,32
449,11,248685.22,22607.747272727273,57,38,221
450,12,217029.09,18085.7575,117,39,226
451,12,127123.4,10593.616666666667,35,31,169
452,6,121053.61000000002,20175.60166666667,245,21,120
453,12,280532.69,23377.724166666667,8,42,245
454,8,158566.86,19820.8575,104,28,135
455,4,80734.11,20183.5275,264,13,85
456,2,55007.74,27503.87,732,11,52
457,11,267092.17,24281.10636363636,4,39,235
458,3,56160.13,18720.04333333333,676,13,77
459,12,255294.78,21274.565,34,40,222
460,7,109362.95,15623.278571428571,40,18,110
461,3,29247.940000000002,9749.313333333334,13,6,40
462,10,264177.7,26417.77,34,39,244
463,4,108118.49,27029.6225,79,16,86
464,6,84867.98999999999,14144.664999999999,11,14,67
465,5,125338.51000000001,25067.702,5,23,141
466,2,36257.0,18128.5,94,6,31
467,5,102611.29000000001,20522.258,6,17,115
468,10,169714.91999999998,16971.492,66,41,233
469,11,181125.4,16465.945454545454,60,37,202
470,11,161356.0,14668.727272727272,21,34,173
471,11,206315.38999999998,18755.944545454546,89,33,199
472,2,21771.11,10885.555,288,5,18
473,5,96977.2,19395.44,351,17,112
474,8,149000.38,18625.0475,1,23,141
475,12,230578.02000000002,19214.835000000003,22,37,226
476,10,240896.6,24089.66,77,34,215
477,6,89031.05,14838.508333333333,480,18,113
478,2,23372.21,11686.105,630,4,26
479,3,84833.03,28277.676666666666,87,14,69
480,7,71035.02,10147.86,2,16,83
481,11,183835.63,16712.33,12,38,222
482,8,153220.13,19152.51625,334,26,151
483,5,64770.759999999995,12954.151999999998,3,15,67
484,5,102091.97,20418.394,17,15,99
485,4,88415.9,22103.975,60,12,72
486,3,45846.06,15282.019999999999,657,11,56
487,1,45815.04,45815.04,881,5,39
488,8,191489.1,23936.1375,107,31,190
489,5,88870.5,17774.1,31,15,82
490,8,130531.86,16316.4825,103,14,105
491,9,110903.06,12322.562222222223,159,27,115
492,4,88275.19,22068.7975,406,11,85
493,2,66104.7,33052.35,308,8,51
494,12,168656.94,14054.745,10,38,190
495,4,55526.5,13881.625,246,15,76
496,3,32477.879999999997,10825.96,403,5,31
497,4,86422.27,21605.5675,63,16,85
498,10,182888.56,18288.856,19,33,174
499,12,235633.96,19636.163333333334,129,48,261
500,12,331528.81,27627.400833333333,14,44,289
501,3,48472.61,16157.536666666667,149,9,38
502,5,131479.41,26295.882,112,21,148
503,5,121909.36,24381.872,29,22,120
504,7,169946.12,24278.01714285714,66,25,164
505,3,67736.23,22578.743333333332,471,11,59
506,12,232891.79,19407.649166666666,130,39,225
507,1,8324.67,8324.67,204,2,17
508,12,169879.73,14156.644166666667,55,31,175
509,10,173744.61,17374.461,152,34,177
510,12,301460.52999999997,25121.71083333333,226,42,270
511,6,108669.16,18111.52666666667,89,18,108
512,5,84226.66,16845.332000000002,92,13,90
513,9,198448.11000000002,22049.79,42,29,188
514,11,172045.21,15640.473636363635,6,39,178
515,11,272970.02,24815.456363636364,53,37,243
516,6,99008.64,16501.44,33,22,111
517,12,251831.4,20985.95,3,48,247
518,4,75117.86,18779.465,21,13,68
519,8,183473.52,22934.19,151,33,181
520,4,87951.31,21987.8275,229,14,93
521,2,65108.99,32554.495,85,8,47
522,11,192354.79,17486.79909090909,178,32,201
523,6,98632.85,16438.808333333334,25,17,108
524,6,169367.22,28227.87,122,29,168
525,2,21058.46,10529.23,582,5,18
526,10,90311.39,9031.139,172,20,88
527,10,217209.98,21720.998,68,28,174
528,2,35423.68,17711.84,149,8,45
529,5,62709.700000000004,12541.94,19,16,71
530,10,147594.93,14759.492999999999,53,33,160
531,6,142968.69,23828.115,202,24,142
532,4,76268.82,19067.205,250,14,84
533,8,151563.41,18945.42625,29,25,141
534,4,95894.58,23973.645,45,20,96
535,6,110747.85,18457.975000000002,117,19,110
536,4,86602.07,21650.5175,82,13,83
537,12,196948.52,16412.376666666667,92,37,201
538,3,54509.95,18169.983333333334,448,8,56
539,4,121908.36,30477.09,164,17,112
540,7,125593.12,17941.874285714286,104,25,155
541,6,112479.67,18746.611666666668,92,22,120
542,5,59366.06,11873.212,434,12,57
543,7,117186.53,16740.932857142856,282,20,117
544,7,136364.29,19480.61285714286,18,26,134
545,5,76449.68,15289.935999999998,21,14,66
546,2,59288.740000000005,29644.370000000003,74,12,66
547,3,30759.5,10253.166666666666,203,9,50
548,1,16660.84,16660.84,586,4,23
549,1,16102.4,16102.4,929,4,13
550,9,228398.66,25377.62888888889,292,36,222
551,4,74039.99,18509.9975,228,12,79
552,2,47730.520000000004,23865.260000000002,179,8,43
553,11,236346.72,21486.065454545456,28,34,219
554,12,237221.67,19768.4725,91,49,280
555,3,107279.78,35759.926666666666,643,16,84
556,6,126467.69,21077.948333333334,443,21,121
557,10,220761.71000000002,22076.171000000002,31,33,208
558,12,239173.34,19931.111666666668,48,43,258
559,3,65908.29999999999,21969.43333333333,154,6,42
560,11,180002.68,16363.88,151,30,170
561,6,86212.8,14368.800000000001,4,16,74
562,6,116744.49,19457.415,83,21,104
563,5,93575.22,18715.044,605,22,113
564,11,253235.04,23021.367272727275,4,42,268
565,2,50105.35,25052.675,233,10,43
566,2,15299.07,7649.535,437,5,21
567,4,49937.520000000004,12484.380000000001,166,6,36
568,8,150978.19,18872.27375,76,27,138
569,4,148417.31,37104.3275,281,19,125
570,7,143399.53,20485.647142857142,4,24,146
571,5,86050.89,17210.178,38,16,71
572,8,110997.92,13874.74,22,21,124
573,7,92485.67,13212.238571428572,41,17,93
574,1,24246.22,24246.22,630,5,31
575,10,191284.65,19128.465,77,33,216
576,2,73291.38,36645.69,115,9,63
577,2,38653.89,19326.945,465,6,36
578,11,206371.53999999998,18761.049090909088,72,36,225
579,9,198668.19,22074.243333333332,10,33,200
580,12,204683.69,17056.974166666667,46,33,193
581,9,218844.31,24316.034444444445,15,37,222
582,9,112016.4,12446.266666666666,294,27,112
583,1,25296.96,25296.96,925,3,21
584,9,258475.96,28719.551111111112,79,34,226
585,6,87435.04,14572.506666666666,291,16,92
586,3,90016.54000000001,30005.513333333336,168,15,84
587,6,168601.68,28100.28,184,22,174
588,9,215397.96000000002,23933.10666666667,167,31,186
589,6,140826.66,23471.11,19,20,132
590,10,168538.64,16853.864,19,34,178
591,12,258611.0,21550.916666666668,9,34,237
592,4,75600.26000000001,18900.065000000002,688,14,75
593,9,217627.59,24180.843333333334,22,32,176
594,3,21075.38,7025.126666666667,12,7,26
595,10,277522.06,27752.206,7,27,198
596,4,114489.45999999999,28622.364999999998,247,16,102
597,1,28462.0,28462.0,635,4,25
598,12,162669.62,13555.801666666666,231,27,161
599,4,70746.47,17686.6175,309,15,69
600,7,47441.58,6777.368571428572,44,9,62
601,6,88482.49,14747.081666666667,131,14,82
602,4,23180.48,5795.12,182,8,26
603,4,53201.79,13300.4475,33,11,69
604,9,187166.51,20796.27888888889,377,30,195
605,1,1660.7,1660.7,456,1,2
606,6,97089.15,16181.525,220,21,107
607,4,70105.57,17526.3925,221,13,70
608,6,110767.24,18461.20666666667,94,21,122
609,2,40208.68,20104.34,645,6,34
610,11,239771.91,21797.446363636365,64,42,242
611,2,2686.74,1343.37,175,2,10
612,9,207996.01,23110.66777777778,40,29,217
613,10,220925.75,22092.575,37,37,216
614,10,144683.6,14468.36,114,25,151
615,5,75404.78,15080.956,52,16,98
616,11,168945.38,15358.67090909091,12,33,221
617,9,162367.75,18040.86111111111,21,30,149
618,10,236553.27,23655.326999999997,4,36,215
619,3,39373.39,13124.463333333333,162,8,42
620,4,81357.26,20339.315,16,13,87
621,2,28731.489999999998,14365.744999999999,361,5,36
622,8,164612.76,20576.595,77,30,187
623,2,55429.729999999996,27714.864999999998,371,11,52
624,10,208551.80000000002,20855.18,252,32,194
625,8,127735.48999999999,15966.936249999999,130,26,165
626,10,239925.78,23992.578,59,33,197
627,8,150363.07,18795.38375,129,26,146
628,10,180615.86000000002,18061.586000000003,215,36,234
629,6,87505.92,14584.32,460,19,102
630,1,623.58,623.58,482,1,2
631,12,202702.18,16891.84833333333,32,41,223
632,6,176467.13,29411.188333333335,118,24,169
633,7,107987.12,15426.731428571427,118,21,100
634,8,144296.95,18037.11875,18,28,176
635,10,169556.34,16955.634,251,28,173
636,8,152522.03,19065.25375,59,24,148
637,3,82743.85999999999,27581.286666666663,221,11,62
638,12,200426.51,16702.209166666667,98,39,193
639,3,30164.260000000002,10054.753333333334,66,4,22
640,5,91801.58,18360.316,456,14,99
641,12,216170.31,18014.1925,232,35,217
642,7,115047.85,16435.407142857144,41,28,139
643,10,261276.32,26127.632,291,36,250
644,4,63484.700000000004,15871.175000000001,23,13,68
645,8,129245.45999999999,16155.682499999999,599,23,122
646,2,32893.79,16446.895,124,7,34
647,12,215781.72,17981.81,76,38,226
648,11,209025.62,19002.32909090909,12,37,226
649,7,143285.24,20469.32,82,26,152
650,2,60255.26,30127.63,510,6,44
651,6,133015.36,22169.226666666666,167,22,138
652,3,59680.05,19893.350000000002,72,11,56
653,11,219513.08000000002,19955.734545454547,78,34,225
654,8,172193.09,21524.13625,136,27,158
655,9,157219.98,17468.88666666667,18,32,180
656,6,125358.68000000001,20893.113333333335,123,24,129
657,2,42622.299999999996,21311.149999999998,98,6,41
658,7,220194.44,31456.34857142857,15,32,210
659,7,138518.52,19788.359999999997,178,27,130
660,9,142397.43,15821.936666666666,48,31,142
661,7,145412.38,20773.197142857145,35,22,133
662,8,134070.98,16758.8725,7,18,124
663,4,96442.16,24110.54,255,16,105
664,11,203085.87,18462.351818181818,105,38,209
665,2,41690.490000000005,20845.245000000003,276,6,38
666,2,23770.65,11885.325,497,6,23
667,11,255800.63,23254.602727272726,6,39,262
668,3,52062.91,17354.303333333333,573,9,49
669,4,81224.39,20306.0975,17,17,76
670,9,203453.2,22605.911111111112,177,34,209
671,2,36310.66,18155.33,165,9,34
672,1,21698.42,21698.42,731,4,21
673,7,212213.72,30316.245714285713,20,28,176
674,4,139592.76,34898.19,153,20,123
675,8,125486.15,15685.76875,61,20,92
676,11,195208.97,17746.27,45,38,208
677,4,137729.41999999998,34432.354999999996,152,19,99
678,8,143169.38,17896.1725,7,25,143
679,5,48863.73,9772.746000000001,101,11,59
680,7,121518.52,17359.788571428573,74,16,103
681,2,35573.23,17786.615,319,6,23
682,8,179869.76,22483.72,150,35,172
683,6,52415.86,8735.976666666667,7,16,67
684,3,66425.06,22141.686666666665,542,12,69
685,9,251308.18,27923.13111111111,113,41,224
686,7,130347.67,18621.095714285715,64,23,172
687,11,116546.84,10595.167272727273,134,23,117
688,8,209911.98,26238.9975,82,35,227
689,12,221897.19,18491.4325,71,38,246
690,10,169359.06,16935.906,109,30,193
691,3,36788.34,12262.779999999999,591,7,41
692,11,249981.57,22725.597272727275,40,34,207
693,9,275455.85,30606.205555555553,115,35,246
694,3,34979.93,11659.976666666667,248,8,40
695,8,284343.07999999996,35542.884999999995,90,40,232
696,10,212591.76,21259.176,88,34,211
697,1,13074.97,13074.97,927,5,27
698,9,155857.58,17317.508888888886,36,21,141
699,6,143056.02,23842.67,131,27,139
700,3,37749.38,12583.126666666665,272,7,40
701,1,7250.11,7250.11,431,2,5
702,9,193819.0,21535.444444444445,93,36,196
703,4,123478.96,30869.74,102,21,130
704,3,12724.0,4241.333333333333,652,8,29
705,12,221949.35,18495.779166666667,89,35,208
706,7,163916.05,23416.57857142857,21,25,153
707,10,180957.31,18095.731,114,31,179
708,10,210934.21,21093.421,50,37,202
709,10,203885.03999999998,20388.503999999997,37,37,216
710,11,153282.56,13934.778181818181,98,28,163
711,9,203221.73,22580.192222222224,146,34,185
712,8,150108.7,18763.5875,78,24,150
713,8,145775.22,18221.9025,43,31,151
714,4,91626.59,22906.6475,129,16,86
715,12,225336.0,18778.0,13,38,206
716,9,191354.51,21261.612222222222,191,31,198
717,9,211710.1,23523.344444444447,157,34,228
718,8,135843.53999999998,16980.442499999997,194,25,145
719,6,101955.66,16992.61,122,21,109
720,10,213781.76,21378.176,123,36,197
721,4,56719.17,14179.7925,26,15,91
722,12,253725.51,21143.7925,20,41,226
723,6,126904.07,21150.678333333333,109,25,126
724,5,78858.05,15771.61,212,17,72
725,7,130890.59,18698.655714285713,2,26,158
726,6,141114.23,23519.038333333334,153,24,124
727,2,39191.61,19595.805,63,7,36
728,12,254586.23,21215.51916666667,66,41,258
729,5,52582.03,10516.405999999999,184,12,53
730,4,91145.26000000001,22786.315000000002,3,19,104
731,8,172573.47,21571.68375,41,29,162
732,3,74842.64,24947.546666666665,191,11,74
733,9,128450.12,14272.235555555555,126,26,143
734,8,195158.05,24394.75625,103,29,185
735,10,206604.54,20660.454,115,31,186
736,11,207283.0,18843.909090909092,38,35,221
737,12,288335.36,24027.946666666667,122,43,268
738,8,165815.82,20726.9775,84,30,173
739,10,168735.02,16873.502,36,26,164
740,9,220108.07,24456.452222222222,25,32,199
741,4,96407.52,24101.88,208,17,82
742,4,103486.36,25871.59,14,13,77
743,7,203505.12,29072.16,121,30,201
744,5,85830.21,17166.042,4,21,99
745,9,239206.86,26578.539999999997,93,29,195
746,8,132889.6,16611.2,40,25,136
747,7,138079.82,19725.68857142857,121,25,139
748,12,202814.86,16901.23833333333,171,38,214
749,9,151501.38999999998,16833.487777777777,247,34,190
750,12,288648.67,24054.055833333332,144,44,280
751,6,153890.94,25648.49,172,25,157
752,2,29337.6,14668.8,31,6,37
753,2,49285.759999999995,24642.879999999997,418,9,51
754,9,121969.69,13552.187777777777,306,25,135
755,11,254539.75,23139.977272727272,15,41,233
756,4,100683.63999999998,25170.909999999996,84,13,86
757,2,39543.52,19771.76,175,7,38
758,9,177770.74,19752.304444444442,264,36,190
759,2,22385.52,11192.76,295,6,23
760,3,67851.44,22617.146666666667,88,10,53
761,7,77833.28,11119.039999999999,77,14,84
762,7,114622.70999999999,16374.672857142856,5,20,103
763,11,284038.11,25821.646363636362,90,35,230
764,8,220141.69,27517.71125,44,35,220
765,2,64742.409999999996,32371.204999999998,133,8,64
766,11,180979.11,16452.646363636362,74,42,240
767,10,177270.24,17727.023999999998,163,30,205
768,9,124649.68,13849.964444444444,26,25,145
769,1,27670.02,27670.02,188,3,19
770,1,20322.34,20322.34,973,6,37
771,1,28170.43,28170.43,884,5,22
772,5,59459.36,11891.872,119,13,80
773,5,89622.17,17924.434,61,19,88
774,5,119949.37,23989.874,21,19,135
775,10,167998.07,16799.807,3,29,166
776,3,66857.93,22285.976666666666,108,10,64
777,6,102419.91,17069.985,105,17,108
778,12,187607.15,15633.929166666667,8,35,216
779,8,190380.29,23797.53625,17,27,178
780,1,19958.75,19958.75,125,3,15
781,3,73446.47,24482.156666666666,28,11,52
782,12,180867.97999999998,15072.331666666665,7,33,175
783,10,266313.55,26631.355,139,41,236
784,3,90721.66,30240.553333333333,33,14,78
785,3,40635.43,13545.143333333333,52,8,39
786,5,93623.35,18724.670000000002,273,13,82
787,7,122607.68,17515.382857142857,8,29,145
788,10,219252.05,21925.204999999998,99,31,228
789,9,227689.28,25298.80888888889,40,36,199
790,1,8471.87,8471.87,8,4,23
791,5,125815.13,25163.026,264,19,109
792,11,123662.02,11242.001818181818,103,32,155
793,11,152520.89,13865.535454545456,81,24,146
794,12,124161.94,10346.828333333333,26,29,119
795,11,254740.73,23158.248181818184,36,43,230
796,6,164233.03,27372.171666666665,153,27,166
797,5,68243.90000000001,13648.780000000002,174,9,55
798,5,63286.83,12657.366,3,10,44
799,12,260754.27000000002,21729.522500000003,112,42,254
800,9,181322.31,20146.923333333332,31,31,192
801,6,106639.3,17773.216666666667,106,23,125
802,1,20669.76,20669.76,30,2,17
803,4,90558.17,22639.5425,27,11,84
804,5,101866.7,20373.34,66,16,92
805,3,50225.97,16741.99,161,11,60
806,4,57897.41,14474.3525,291,9,47
807,2,14504.15,7252.075,579,6,24
808,7,124203.28,17743.325714285715,32,19,112
809,8,108173.24,13521.655,271,25,121
810,7,121044.89,17292.12714285714,15,18,105
811,4,103031.4,25757.85,343,14,93
812,5,89784.67,17956.934,13,19,88
813,2,40260.31,20130.155,654,11,54
814,5,117687.82,23537.564000000002,302,17,117
815,5,151018.75,30203.75,212,20,137
816,5,99431.52,19886.304,149,20,104
817,12,221400.63,18450.0525,68,43,227
818,12,155516.52,12959.71,46,29,173
819,4,96019.8,24004.95,127,15,97
820,4,88131.48999999999,22032.872499999998,175,14,83
821,1,17594.91,17594.91,382,4,14
822,6,88970.92,14828.486666666666,73,20,71
823,7,134401.09,19200.155714285713,289,23,135
824,4,65710.19,16427.5475,28,15,83
825,9,164390.38,18265.597777777777,29,26,162
826,11,183212.06,16655.64181818182,65,34,196
827,5,101013.26,20202.652,198,20,104
828,3,56326.33,18775.443333333333,554,10,58
829,1,24902.53,24902.53,651,5,26
830,12,256447.71,21370.642499999998,74,39,260
831,12,251072.0,20922.666666666668,37,40,225
832,5,119668.42,23933.684,99,17,89
833,12,235448.78999999998,19620.7325,40,43,239
834,9,193109.95,21456.661111111112,316,34,209
835,6,131496.07,21916.01166666667,81,19,132
836,12,194232.54,16186.045,4,34,203
837,11,180269.43,16388.13,56,35,169
838,6,145895.38,24315.896666666667,117,26,146
839,10,162603.31,16260.331,154,19,144
840,11,259301.02000000002,23572.820000000003,82,38,247
841,11,232906.96,21173.36,234,42,220
842,9,143095.57,15899.507777777779,86,28,138
843,11,195688.53,17789.866363636364,322,31,176
844,12,241440.15,20120.0125,201,43,241
845,12,202912.1,16909.341666666667,418,36,226
846,7,143723.16,20531.88,14,23,168
847,10,222046.03,22204.603,279,37,198
848,1,8881.34,8881.34,469,3,9
849,6,107051.63,17841.938333333335,348,15,92
850,3,84758.78,28252.926666666666,324,15,77
851,1,16544.59,16544.59,987,3,14
852,10,171853.86000000002,17185.386000000002,47,29,147
853,10,165533.91999999998,16553.392,195,30,188
854,4,92407.29000000001,23101.822500000002,463,16,70
855,8,207298.25,25912.28125,214,28,169
856,8,203839.72,25479.965,25,29,200
857,4,66673.03,16668.2575,6,10,71
858,1,13936.11,13936.11,648,5,32
859,9,212961.66999999998,23662.407777777775,30,30,176
860,5,85525.85,17105.170000000002,6,14,79
861,5,99473.21999999999,19894.643999999997,63,19,83
862,5,104012.14,20802.428,340,21,104
863,6,123216.37,20536.061666666665,65,20,114
864,1,8111.13,8111.13,707,2,7
865,3,58240.329999999994,19413.443333333333,70,10,48
866,12,224149.08000000002,18679.09,30,42,250
867,4,81975.45999999999,20493.864999999998,333,16,100
868,1,11566.28,11566.28,647,3,8
869,6,190743.36000000002,31790.56,104,27,155
870,5,73449.83,14689.966,108,18,76
871,6,133748.47,22291.411666666667,266,26,166
872,7,185856.95,26550.992857142857,387,28,181
873,9,185374.2,20597.133333333335,50,30,189
874,9,201063.9,22340.433333333334,150,27,154
875,10,169144.24,16914.424,339,32,179
876,5,102699.54000000001,20539.908000000003,344,18,105
877,1,26317.13,26317.13,70,4,20
878,7,125172.59,17881.79857142857,94,23,127
879,11,134918.05,12265.277272727271,71,35,150
880,3,44292.71,14764.236666666666,126,8,51
881,3,76655.53,25551.843333333334,118,12,72
882,2,68731.28,34365.64,481,10,61
883,12,242111.19,20175.9325,70,45,278
884,5,79333.08,15866.616,8,12,61
885,7,136544.98,19506.425714285717,171,29,147
886,1,22778.88,22778.88,984,4,18
887,7,150632.75,21518.964285714286,167,24,151
888,11,130951.34,11904.667272727273,25,24,125
889,1,6174.72,6174.72,212,2,12
890,9,181821.71,20202.41222222222,153,31,195
891,12,213861.05,17821.754166666666,87,38,216
892,12,194143.32,16178.61,148,36,209
893,5,84628.3,16925.66,403,15,102
894,3,83758.16,27919.38666666667,140,13,82
895,1,12375.51,12375.51,99,1,7
896,4,30382.28,7595.57,11,12,57
897,11,186306.79,16936.98090909091,93,31,173
898,3,43827.93,14609.31,360,11,56
899,1,7699.35,7699.35,398,2,9
900,4,60464.740000000005,15116.185000000001,396,10,63
901,1,25051.57,25051.57,151,5,18
902,9,166315.14,18479.460000000003,183,32,170
903,11,220493.46,20044.86,64,36,216
904,7,149653.69999999998,21379.1,113,25,151
905,12,318308.37,26525.6975,23,43,268
906,10,213912.25,21391.225,50,37,237
907,7,175164.89,25023.555714285718,1,27,159
908,5,103811.48,20762.296,213,15,90
909,12,285933.57,23827.7975,136,45,260
910,5,134627.1,26925.420000000002,11,23,134
911,7,103993.17,14856.167142857143,181,23,125
912,1,23718.13,23718.13,704,6,33
913,12,241108.48,20092.373333333333,33,35,239
914,4,84315.56,21078.89,304,13,76
915,7,91641.20000000001,13091.600000000002,208,13,84
916,4,103047.86,25761.965,194,14,79
917,8,118842.60999999999,14855.326249999998,67,19,125
918,1,6861.12,6861.12,569,1,6
919,7,149549.90999999997,21364.272857142852,71,25,146
920,1,22023.0,22023.0,650,4,18
921,12,184524.72,15377.06,12,34,202
922,10,249972.35,24997.235,28,37,212
923,5,63076.54,12615.308,295,16,82
924,3,35556.85,11852.283333333333,531,6,35
925,7,144299.37,20614.195714285714,68,22,139
926,6,113664.54000000001,18944.09,127,19,128
927,11,204518.35,18592.577272727274,19,35,191
928,6,75726.46,12621.076666666668,295,14,81
929,6,81872.21,13645.368333333334,290,12,69
930,8,201650.66,25206.3325,15,30,189
931,3,62728.880000000005,20909.626666666667,276,11,73
932,8,183837.93,22979.74125,162,29,190
933,12,252176.78,21014.731666666667,111,43,266
934,2,32793.1,16396.55,243,8,38
935,7,272814.94,38973.56285714286,16,34,245
936,10,109159.81,10915.981,223,29,143
937,7,85017.73,12145.39,63,16,73
938,2,44271.22,22135.61,235,10,55
939,4,65611.84,16402.96,119,17,81
940,7,138996.21,19856.601428571426,28,19,126
941,10,160152.35,16015.235,70,31,172
942,9,189928.58000000002,21103.175555555557,232,28,172
943,2,26700.33,13350.165,98,6,31
944,6,86504.95,14417.491666666667,22,14,71
945,12,218945.72,18245.476666666666,114,37,230
946,11,219744.08000000002,19976.734545454547,13,36,222
947,5,58129.31,11625.862,165,15,70
948,9,123476.62,13719.624444444444,39,31,141
949,5,138855.49,27771.097999999998,508,17,112
950,8,208176.66,26022.0825,123,29,188
951,3,51168.7,17056.233333333334,192,11,55
952,3,53873.05,17957.683333333334,353,10,64
953,12,245442.78,20453.565,241,40,240
954,12,227442.56,18953.546666666665,109,37,197
955,4,92380.62,23095.155,93,15,94
956,11,212290.44,19299.13090909091,8,39,217
957,2,40777.21,20388.605,139,6,35
958,8,201965.6,25245.7,56,26,180
959,10,187714.09,18771.409,120,29,177
960,8,215438.97,26929.87125,164,29,174
961,6,110068.76000000001,18344.793333333335,44,23,128
962,3,79605.56,26535.186666666665,223,15,86
963,10,197649.97,19764.997,52,31,199
964,12,192688.82,16057.401666666667,108,42,230
965,7,152984.37,21854.91,415,28,158
966,1,46569.47,46569.47,258,6,39
967,4,53238.28,13309.57,52,16,74
968,4,55620.71,13905.1775,409,11,47
969,1,20002.67,20002.67,589,6,41
970,5,179491.74,35898.348,81,24,160
971,6,119026.0,19837.666666666668,208,21,125
972,8,188084.32,23510.54,106,29,185
973,8,158827.66,19853.4575,120,27,145
974,3,101261.81,33753.93666666667,220,13,78
975,11,182997.03999999998,16636.094545454544,73,39,217
976,7,132268.06,18895.437142857143,71,23,127
977,11,217639.94,19785.449090909093,10,33,206
978,11,161934.32,14721.301818181819,151,30,171
979,9,236024.76,26224.973333333335,142,34,208
980,7,151156.84,21593.834285714285,69,23,135
981,7,78582.51000000001,11226.072857142859,182,20,89
982,6,141759.85,23626.641666666666,152,25,141
983,12,276754.28,23062.85666666667,66,34,253
984,11,231476.46,21043.314545454545,20,42,236
985,12,214698.89,17891.57416666667,63,35,222
986,3,55160.51,18386.836666666666,96,9,53
987,2,16375.74,8187.87,413,4,22
988,9,160993.54,17888.17111111111,162,32,189
989,4,80019.65,20004.9125,4,12,67
990,8,137882.18,17235.2725,14,29,135
991,12,234446.79,19537.232500000002,3,41,223
992,2,46057.85,23028.925,26,7,36
993,1,1982.1,1982.1,559,1,10
994,2,23500.329999999998,11750.164999999999,527,5,24
995,3,46497.96,15499.32,42,10,51
996,6,167620.91,27936.818333333333,355,24,154
997,1,35932.61,35932.61,925,6,40
998,1,22319.22,22319.22,904,3,21
999,8,197021.68,24627.71,165,36,217
1000,1,8433.69,8433.69,114,3,16
