customer_id,recency,frequency,monetary,cluster
C0001,57,4,59474.45,0
C0002,4,28,270668.83,2
C0003,31,23,229352.81,2
C0004,62,15,151374.2,0
C0005,24,7,55585.56,0
C0006,104,8,53868.43,0
C0007,13,26,226256.11000000002,2
C0008,21,27,233972.88,2
C0009,2,25,256159.43,2
C0010,9,27,264914.13,2
C0011,22,5,30689.579999999998,0
C0012,1,28,301071.63,2
C0013,41,4,46014.85,0
C0014,12,14,125248.17,0
C0015,9,27,254409.03,2
C0016,188,6,64799.979999999996,1
C0017,12,9,103313.26,0
C0018,26,26,272197.23,2
C0019,39,13,130840.55,0
C0020,11,23,259101.63,2
C0021,20,3,41793.11,0
C0022,7,7,87657.97,0
C0023,47,6,85723.22,0
C0024,1,29,291597.01,2
C0025,53,6,69248.41,0
C0026,36,23,255191.38,2
C0027,12,30,344776.66,2
C0028,1,21,213269.38,2
C0029,25,19,222013.6,2
C0030,13,18,140013.19,0
C0031,50,8,92062.17,0
C0032,3,13,146444.02,0
C0033,152,3,43512.45,1
C0034,28,9,78349.15,0
C0035,16,2,26345.15,0
C0036,38,17,132128.67,0
C0037,6,21,210650.46,2
C0038,48,15,152649.77,0
C0039,1,19,212265.72,2
C0040,28,8,68599.39,0
C0041,138,9,86752.04000000001,0
C0042,4,15,136641.11,0
C0043,15,16,140247.17,0
C0044,91,12,89012.39,0
C0045,35,4,51441.03,0
C0046,275,1,5349.83,1
C0047,205,9,79212.37,1
C0048,280,5,48168.51,1
C0049,12,30,296344.46,2
C0050,312,4,43472.91,1
C0051,45,15,131179.78,0
C0052,70,24,277161.77,2
C0053,62,16,134849.37,0
C0054,12,30,273658.41,2
C0055,47,18,199972.98,2
C0056,54,22,179577.11,2
C0057,29,24,242146.97,2
C0058,50,11,91904.87,0
C0059,94,15,188102.05,0
C0060,3,22,245302.18,2
C0061,109,2,30775.329999999998,0
C0062,35,20,170902.23,2
C0063,45,27,273027.94,2
C0064,41,21,206147.95,2
C0065,47,13,110527.73,0
C0066,31,15,145006.43,0
C0067,4,28,262332.93,2
C0068,15,27,317276.67,2
C0069,16,29,282823.1,2
C0070,65,8,80281.03,0
C0071,15,21,220989.31,2
C0072,33,23,270440.33,2
C0073,34,24,226951.22,2
C0074,67,23,226387.62,2
C0075,60,14,143475.02,0
C0076,125,9,75100.92,0
C0077,24,27,249764.68,2
C0078,108,15,161693.39,0
C0079,594,1,10090.02,1
C0080,5,9,82527.23,0
C0081,16,4,21230.239999999998,0
C0082,19,30,280734.41,2
C0083,310,3,17545.11,1
C0084,69,14,125109.09,0
C0085,55,23,262217.56,2
C0086,9,23,235124.42,2
C0087,171,1,13607.66,1
C0088,9,17,180801.2,2
C0089,17,27,235350.18,2
C0090,173,6,63612.8,1
C0091,42,13,110280.58,0
C0092,91,25,220443.86,2
C0093,157,7,74589.22,1
C0094,36,15,131212.97,0
C0095,160,5,64035.49999999999,1
C0096,23,16,153785.93,0
C0097,43,30,290207.86,2
C0098,5,20,213681.73,2
C0099,37,7,81829.53,0
C0100,13,14,135683.09,0
C0101,368,4,29579.3,1
C0102,18,7,62849.840000000004,0
C0103,21,14,138332.91,0
C0104,234,6,78079.82,1
C0105,60,15,166172.65,0
C0106,1,28,260320.42,2
C0107,21,25,234099.3,2
C0108,30,11,111359.43,0
C0109,300,6,74725.27,1
C0110,28,23,208841.39,2
C0111,50,14,124903.6,0
C0112,67,4,36318.78,0
C0113,161,3,32583.64,1
C0114,85,13,165712.91999999998,0
C0115,39,5,71885.56,0
C0116,25,30,295614.02,2
C0117,2,5,56171.84,0
C0118,40,5,62816.729999999996,0
C0119,27,7,58656.8,0
C0120,96,15,130386.23000000001,0
C0121,91,7,78260.09,0
C0122,50,20,225115.02,2
C0123,92,12,93101.3,0
C0124,16,24,289147.15,2
C0125,71,14,146102.38,0
C0126,12,27,301510.85,2
C0127,63,25,285466.76,2
C0128,44,16,187909.41,0
C0129,5,23,262165.9,2
C0130,36,26,268438.59,2
C0131,39,19,224534.67,2
C0132,7,26,306932.55,2
C0133,68,17,177699.89,0
C0134,6,13,157040.92,0
C0135,9,14,167689.45,0
C0136,10,12,110815.86,0
C0137,190,6,32546.21,1
C0138,11,8,66793.14,0
C0139,80,21,146954.31,0
C0140,443,1,17491.26,1
C0141,28,9,73289.91,0
C0142,72,7,64586.14,0
C0143,73,20,225876.41999999998,2
C0144,18,28,290753.36,2
C0145,7,16,180672.13,0
C0146,40,11,118140.05,0
C0147,196,1,14883.03,1
C0148,185,6,73130.97,1
C0149,4,15,168494.08000000002,0
C0150,15,10,90252.05,0
C0151,12,28,283663.89,2
C0152,15,11,98694.65,0
C0153,6,25,271558.59,2
C0154,6,22,220117.08,2
C0155,40,29,320358.4,2
C0156,18,23,271739.43,2
C0157,20,20,167590.28,2
C0158,4,22,194418.12,2
C0159,58,3,39590.28,0
C0160,3,19,203320.65,2
C0161,43,10,90643.67,0
C0162,29,25,249972.59,2
C0163,27,14,114814.19,0
C0164,22,27,229864.13999999998,2
C0165,19,9,67712.28,0
C0166,8,27,296702.45,2
C0167,19,12,78105.93,0
C0168,418,2,19860.79,1
C0169,9,27,300835.58999999997,2
C0170,22,29,257451.44,2
C0171,30,13,166944.07,0
C0172,66,18,202941.3,2
C0173,15,20,180089.33,2
C0174,1,28,264660.03,2
C0175,2,14,130029.06000000001,0
C0176,373,1,3327.11,1
C0177,52,22,211625.12,2
C0178,95,15,145939.71,0
C0179,2,30,269680.56,2
C0180,11,23,249553.32,2
C0181,75,6,77096.4,0
C0182,434,2,35490.33,1
C0183,164,4,54506.11,1
C0184,4,25,277942.08,2
C0185,2,27,253610.71,2
C0186,43,6,66896.13,0
C0187,3,25,227698.08000000002,2
C0188,50,2,10055.93,0
C0189,54,6,62763.2,0
C0190,85,4,57436.770000000004,0
C0191,154,13,123036.63,0
C0192,25,30,255312.21,2
C0193,32,23,190384.59,2
C0194,6,8,101991.0,0
C0195,14,18,183059.19,2
C0196,55,18,204817.77000000002,2
C0197,57,13,166605.75,0
C0198,75,9,83012.29000000001,0
C0199,50,6,19102.77,0
C0200,35,17,157185.04,0
